Asus;6;9;-33;20;-155;F
Asus;6;9;-33;19;-155;F
Asus;6;9;-33;18;-155;F
Asus;6;9;-33;17;-155;F
Asus;6;9;-33;16;-155;F
Asus;6;9;-33;15;-155;F
Asus;6;9;-33;14;-155;F
Asus;6;9;-33;13;-155;F
Asus;6;9;-33;12;-155;F
Asus;6;9;-33;11;-155;F
Asus;6;9;-33;10;-155;F
Asus;6;9;-33;9;-155;F
Asus;6;9;-33;8;-155;F
Asus;6;9;-33;7;-155;F
Asus;6;9;-33;6;-155;F
Asus;6;9;-33;5;-155;F
Asus;6;9;-33;4;-155;F
Asus;6;9;-33;3;-155;F
Asus;6;9;-33;2;-155;F
Asus;6;9;-33;1;-155;F
Asus;6;9;-33;0;-155;F
Asus;6;9;-33;-1;-155;F
Asus;6;9;-33;-2;-155;F
Asus;6;9;-33;-3;-155;F
Asus;6;9;-33;-4;-155;F
Asus;6;9;-33;-5;-155;F
Asus;6;9;-33;-6;-155;F
Asus;6;9;-33;-7;-155;F
Asus;6;9;-33;-8;-155;F
Asus;6;9;-33;-9;-155;F
Asus;6;9;-33;-10;-155;F
Asus;6;9;-33;-11;-155;F
Asus;6;9;-33;-12;-155;F
Asus;6;9;-33;-13;-155;F
Asus;6;9;-33;-14;-155;F
Asus;6;9;-33;-15;-155;F
Asus;6;9;-33;-16;-155;F
Asus;6;9;-33;-17;-155;F
Asus;6;9;-33;-18;-155;F
Asus;6;9;-33;-19;-155;F
Asus;6;9;-33;-20;-155;F
Asus;6;9;-32;20;-155;F
Asus;6;9;-32;19;-155;F
Asus;6;9;-32;18;-155;F
Asus;6;9;-32;17;-155;F
Asus;6;9;-32;16;-155;F
Asus;6;9;-32;15;-155;F
Asus;6;9;-32;14;-155;F
Asus;6;9;-32;13;-155;F
Asus;6;9;-32;12;-155;F
Asus;6;9;-32;11;-155;F
Asus;6;9;-32;10;-155;F
Asus;6;9;-32;9;-155;F
Asus;6;9;-32;8;-155;F
Asus;6;9;-32;7;-155;F
Asus;6;9;-32;6;-155;F
Asus;6;9;-32;5;-155;F
Asus;6;9;-32;4;-155;F
Asus;6;9;-32;3;-155;F
Asus;6;9;-32;2;-155;F
Asus;6;9;-32;1;-155;F
Asus;6;9;-32;0;-155;F
Asus;6;9;-32;-1;-155;F
Asus;6;9;-32;-2;-155;F
Asus;6;9;-32;-3;-155;F
Asus;6;9;-32;-4;-155;F
Asus;6;9;-32;-5;-155;F
Asus;6;9;-32;-6;-155;F
Asus;6;9;-32;-7;-155;F
Asus;6;9;-32;-8;-155;F
Asus;6;9;-32;-9;-155;F
Asus;6;9;-32;-10;-155;F
Asus;6;9;-32;-11;-155;F
Asus;6;9;-32;-12;-155;F
Asus;6;9;-32;-13;-155;F
Asus;6;9;-32;-14;-155;F
Asus;6;9;-32;-15;-155;F
Asus;6;9;-32;-16;-155;F
Asus;6;9;-32;-17;-155;F
Asus;6;9;-32;-18;-155;F
Asus;6;9;-32;-19;-155;F
Asus;6;9;-32;-20;-155;F
Asus;6;9;-31;20;-155;F
Asus;6;9;-31;19;-155;F
Asus;6;9;-31;18;-155;F
Asus;6;9;-31;17;-155;F
Asus;6;9;-31;16;-155;F
Asus;6;9;-31;15;-155;F
Asus;6;9;-31;14;-155;F
Asus;6;9;-31;13;-155;F
Asus;6;9;-31;12;-155;F
Asus;6;9;-31;11;-155;F
Asus;6;9;-31;10;-155;F
Asus;6;9;-31;9;-155;F
Asus;6;9;-31;8;-155;F
Asus;6;9;-31;7;-155;F
Asus;6;9;-31;6;-155;F
Asus;6;9;-31;5;-155;F
Asus;6;9;-31;4;-155;F
Asus;6;9;-31;3;-155;F
Asus;6;9;-31;2;-155;F
Asus;6;9;-31;1;-155;F
Asus;6;9;-31;0;-155;F
Asus;6;9;-31;-1;-155;F
Asus;6;9;-31;-2;-155;F
Asus;6;9;-31;-3;-155;F
Asus;6;9;-31;-4;-155;F
Asus;6;9;-31;-5;-155;F
Asus;6;9;-31;-6;-155;F
Asus;6;9;-31;-7;-155;F
Asus;6;9;-31;-8;-155;F
Asus;6;9;-31;-9;-155;F
Asus;6;9;-31;-10;-155;F
Asus;6;9;-31;-11;-155;F
Asus;6;9;-31;-12;-155;F
Asus;6;9;-31;-13;-155;F
Asus;6;9;-31;-14;-155;F
Asus;6;9;-31;-15;-155;F
Asus;6;9;-31;-16;-155;F
Asus;6;9;-31;-17;-155;F
Asus;6;9;-31;-18;-155;F
Asus;6;9;-31;-19;-155;F
Asus;6;9;-31;-20;-155;F
Asus;6;9;-30;20;-155;F
Asus;6;9;-30;19;-155;F
Asus;6;9;-30;18;-155;F
Asus;6;9;-30;17;-155;F
Asus;6;9;-30;16;-155;F
Asus;6;9;-30;15;-155;F
Asus;6;9;-30;14;-155;F
Asus;6;9;-30;13;-155;F
Asus;6;9;-30;12;-155;F
Asus;6;9;-30;11;-155;F
Asus;6;9;-30;10;-155;F
Asus;6;9;-30;9;-155;F
Asus;6;9;-30;8;-155;F
Asus;6;9;-30;7;-155;F
Asus;6;9;-30;6;-155;F
Asus;6;9;-30;5;-155;F
Asus;6;9;-30;4;-155;F
Asus;6;9;-30;3;-155;F
Asus;6;9;-30;2;-155;F
Asus;6;9;-30;1;-155;F
Asus;6;9;-30;0;-155;F
Asus;6;9;-30;-1;-155;F
Asus;6;9;-30;-2;-155;F
Asus;6;9;-30;-3;-155;F
Asus;6;9;-30;-4;-155;F
Asus;6;9;-30;-5;-155;F
Asus;6;9;-30;-6;-155;F
Asus;6;9;-30;-7;-155;F
Asus;6;9;-30;-8;-155;F
Asus;6;9;-30;-9;-155;F
Asus;6;9;-30;-10;-155;F
Asus;6;9;-30;-11;-155;F
Asus;6;9;-30;-12;-155;F
Asus;6;9;-30;-13;-155;F
Asus;6;9;-30;-14;-155;F
Asus;6;9;-30;-15;-155;F
Asus;6;9;-30;-16;-155;F
Asus;6;9;-30;-17;-155;F
Asus;6;9;-30;-18;-155;F
Asus;6;9;-30;-19;-155;F
Asus;6;9;-30;-20;-155;F
Asus;6;9;-29;20;-155;F
Asus;6;9;-29;19;-155;F
Asus;6;9;-29;18;-155;F
Asus;6;9;-29;17;-155;F
Asus;6;9;-29;16;-155;F
Asus;6;9;-29;15;-155;F
Asus;6;9;-29;14;-155;F
Asus;6;9;-29;13;-155;F
Asus;6;9;-29;12;-155;F
Asus;6;9;-29;11;-155;F
Asus;6;9;-29;10;-155;F
Asus;6;9;-29;9;-155;F
Asus;6;9;-29;8;-155;F
Asus;6;9;-29;7;-155;F
Asus;6;9;-29;6;-155;F
Asus;6;9;-29;5;-155;F
Asus;6;9;-29;4;-155;F
Asus;6;9;-29;3;-155;F
Asus;6;9;-29;2;-155;F
Asus;6;9;-29;1;-155;F
Asus;6;9;-29;0;-155;F
Asus;6;9;-29;-1;-155;F
Asus;6;9;-29;-2;-155;F
Asus;6;9;-29;-3;-155;F
Asus;6;9;-29;-4;-155;F
Asus;6;9;-29;-5;-155;F
Asus;6;9;-29;-6;-155;F
Asus;6;9;-29;-7;-155;F
Asus;6;9;-29;-8;-155;F
Asus;6;9;-29;-9;-155;F
Asus;6;9;-29;-10;-155;F
Asus;6;9;-29;-11;-155;F
Asus;6;9;-29;-12;-155;F
Asus;6;9;-29;-13;-155;F
Asus;6;9;-29;-14;-155;F
Asus;6;9;-29;-15;-155;F
Asus;6;9;-29;-16;-155;F
Asus;6;9;-29;-17;-155;F
Asus;6;9;-29;-18;-155;F
Asus;6;9;-29;-19;-155;F
Asus;6;9;-29;-20;-155;F
Asus;6;9;-28;20;-155;F
Asus;6;9;-28;19;-155;F
Asus;6;9;-28;18;-155;F
Asus;6;9;-28;17;-155;F
Asus;6;9;-28;16;-155;F
Asus;6;9;-28;15;-155;F
Asus;6;9;-28;14;-155;F
Asus;6;9;-28;13;-155;F
Asus;6;9;-28;12;-155;F
Asus;6;9;-28;11;-155;F
Asus;6;9;-28;10;-155;F
Asus;6;9;-28;9;-155;F
Asus;6;9;-28;8;-155;F
Asus;6;9;-28;7;-155;F
Asus;6;9;-28;6;-155;F
Asus;6;9;-28;5;-155;F
Asus;6;9;-28;4;-155;F
Asus;6;9;-28;3;-155;F
Asus;6;9;-28;2;-155;F
Asus;6;9;-28;1;-155;F
Asus;6;9;-28;0;-155;F
Asus;6;9;-28;-1;-155;F
Asus;6;9;-28;-2;-155;F
Asus;6;9;-28;-3;-155;F
Asus;6;9;-28;-4;-155;F
Asus;6;9;-28;-5;-155;F
Asus;6;9;-28;-6;-155;F
Asus;6;9;-28;-7;-155;F
Asus;6;9;-28;-8;-155;F
Asus;6;9;-28;-9;-155;F
Asus;6;9;-28;-10;-155;F
Asus;6;9;-28;-11;-155;F
Asus;6;9;-28;-12;-155;F
Asus;6;9;-28;-13;-155;F
Asus;6;9;-28;-14;-155;F
Asus;6;9;-28;-15;-155;F
Asus;6;9;-28;-16;-155;F
Asus;6;9;-28;-17;-155;F
Asus;6;9;-28;-18;-155;F
Asus;6;9;-28;-19;-155;F
Asus;6;9;-28;-20;-155;F
Asus;6;9;-27;20;-155;F
Asus;6;9;-27;19;-155;F
Asus;6;9;-27;18;-155;F
Asus;6;9;-27;17;-155;F
Asus;6;9;-27;16;-155;F
Asus;6;9;-27;15;-155;F
Asus;6;9;-27;14;-155;F
Asus;6;9;-27;13;-155;F
Asus;6;9;-27;12;-155;F
Asus;6;9;-27;11;-155;F
Asus;6;9;-27;10;-155;F
Asus;6;9;-27;9;-155;F
Asus;6;9;-27;8;-155;F
Asus;6;9;-27;7;-155;F
Asus;6;9;-27;6;-155;F
Asus;6;9;-27;5;-155;F
Asus;6;9;-27;4;-155;F
Asus;6;9;-27;3;-155;F
Asus;6;9;-27;2;-155;F
Asus;6;9;-27;1;-155;F
Asus;6;9;-27;0;-155;F
Asus;6;9;-27;-1;-155;F
Asus;6;9;-27;-2;-155;F
Asus;6;9;-27;-3;-155;F
Asus;6;9;-27;-4;-155;F
Asus;6;9;-27;-5;-155;F
Asus;6;9;-27;-6;-155;F
Asus;6;9;-27;-7;-155;F
Asus;6;9;-27;-8;-155;F
Asus;6;9;-27;-9;-155;F
Asus;6;9;-27;-10;-155;F
Asus;6;9;-27;-11;-155;F
Asus;6;9;-27;-12;-155;F
Asus;6;9;-27;-13;-155;F
Asus;6;9;-27;-14;-155;F
Asus;6;9;-27;-15;-155;F
Asus;6;9;-27;-16;-155;F
Asus;6;9;-27;-17;-155;F
Asus;6;9;-27;-18;-155;F
Asus;6;9;-27;-19;-155;F
Asus;6;9;-27;-20;-155;F
Asus;6;9;-26;20;-155;F
Asus;6;9;-26;19;-155;F
Asus;6;9;-26;18;-155;F
Asus;6;9;-26;17;-155;F
Asus;6;9;-26;16;-155;F
Asus;6;9;-26;15;-155;F
Asus;6;9;-26;14;-155;F
Asus;6;9;-26;13;-155;F
Asus;6;9;-26;12;-155;F
Asus;6;9;-26;11;-155;F
Asus;6;9;-26;10;-155;F
Asus;6;9;-26;9;-155;F
Asus;6;9;-26;8;-155;F
Asus;6;9;-26;7;-155;F
Asus;6;9;-26;6;-155;F
Asus;6;9;-26;5;-155;F
Asus;6;9;-26;4;-155;F
Asus;6;9;-26;3;-155;F
Asus;6;9;-26;2;-155;F
Asus;6;9;-26;1;-155;F
Asus;6;9;-26;0;-155;F
Asus;6;9;-26;-1;-155;F
Asus;6;9;-26;-2;-155;F
Asus;6;9;-26;-3;-155;F
Asus;6;9;-26;-4;-155;F
Asus;6;9;-26;-5;-155;F
Asus;6;9;-26;-6;-155;F
Asus;6;9;-26;-7;-155;F
Asus;6;9;-26;-8;-155;F
Asus;6;9;-26;-9;-155;F
Asus;6;9;-26;-10;-155;F
Asus;6;9;-26;-11;-155;F
Asus;6;9;-26;-12;-155;F
Asus;6;9;-26;-13;-155;F
Asus;6;9;-26;-14;-155;F
Asus;6;9;-26;-15;-155;F
Asus;6;9;-26;-16;-155;F
Asus;6;9;-26;-17;-155;F
Asus;6;9;-26;-18;-155;F
Asus;6;9;-26;-19;-155;F
Asus;6;9;-26;-20;-155;F
Asus;6;9;-25;20;-155;F
Asus;6;9;-25;19;-155;F
Asus;6;9;-25;18;-155;F
Asus;6;9;-25;17;-155;F
Asus;6;9;-25;16;-155;F
Asus;6;9;-25;15;-155;F
Asus;6;9;-25;14;-155;F
Asus;6;9;-25;13;-155;F
Asus;6;9;-25;12;-155;F
Asus;6;9;-25;11;-155;F
Asus;6;9;-25;10;-155;F
Asus;6;9;-25;9;-155;F
Asus;6;9;-25;8;-155;F
Asus;6;9;-25;7;-155;F
Asus;6;9;-25;6;-155;F
Asus;6;9;-25;5;-155;F
Asus;6;9;-25;4;-155;F
Asus;6;9;-25;3;-155;F
Asus;6;9;-25;2;-155;F
Asus;6;9;-25;1;-155;F
Asus;6;9;-25;0;-155;F
Asus;6;9;-25;-1;-155;F
Asus;6;9;-25;-2;-155;F
Asus;6;9;-25;-3;-155;F
Asus;6;9;-25;-4;-155;F
Asus;6;9;-25;-5;-155;F
Asus;6;9;-25;-6;-155;F
Asus;6;9;-25;-7;-155;F
Asus;6;9;-25;-8;-155;F
Asus;6;9;-25;-9;-155;F
Asus;6;9;-25;-10;-155;F
Asus;6;9;-25;-11;-155;F
Asus;6;9;-25;-12;-155;F
Asus;6;9;-25;-13;-155;F
Asus;6;9;-25;-14;-155;F
Asus;6;9;-25;-15;-155;F
Asus;6;9;-25;-16;-155;F
Asus;6;9;-25;-17;-155;F
Asus;6;9;-25;-18;-155;F
Asus;6;9;-25;-19;-155;F
Asus;6;9;-25;-20;-155;F
Asus;6;9;-24;20;-155;F
Asus;6;9;-24;19;-155;F
Asus;6;9;-24;18;-155;F
Asus;6;9;-24;17;-155;F
Asus;6;9;-24;16;-155;F
Asus;6;9;-24;15;-155;F
Asus;6;9;-24;14;-155;F
Asus;6;9;-24;13;-155;F
Asus;6;9;-24;12;-155;F
Asus;6;9;-24;11;-155;F
Asus;6;9;-24;10;-155;F
Asus;6;9;-24;9;-155;F
Asus;6;9;-24;8;-155;F
Asus;6;9;-24;7;-155;F
Asus;6;9;-24;6;-155;F
Asus;6;9;-24;5;-155;F
Asus;6;9;-24;4;-155;F
Asus;6;9;-24;3;-155;F
Asus;6;9;-24;2;-155;F
Asus;6;9;-24;1;-155;F
Asus;6;9;-24;0;-155;F
Asus;6;9;-24;-1;-155;F
Asus;6;9;-24;-2;-155;F
Asus;6;9;-24;-3;-155;F
Asus;6;9;-24;-4;-155;F
Asus;6;9;-24;-5;-155;F
Asus;6;9;-24;-6;-155;F
Asus;6;9;-24;-7;-155;F
Asus;6;9;-24;-8;-155;F
Asus;6;9;-24;-9;-155;F
Asus;6;9;-24;-10;-155;F
Asus;6;9;-24;-11;-155;F
Asus;6;9;-24;-12;-155;F
Asus;6;9;-24;-13;-155;F
Asus;6;9;-24;-14;-155;F
Asus;6;9;-24;-15;-155;F
Asus;6;9;-24;-16;-155;F
Asus;6;9;-24;-17;-155;F
Asus;6;9;-24;-18;-155;F
Asus;6;9;-24;-19;-155;F
Asus;6;9;-24;-20;-155;F
Asus;6;9;-23;20;-155;F
Asus;6;9;-23;19;-155;F
Asus;6;9;-23;18;-155;F
Asus;6;9;-23;17;-155;F
Asus;6;9;-23;16;-155;F
Asus;6;9;-23;15;-155;F
Asus;6;9;-23;14;-155;F
Asus;6;9;-23;13;-155;F
Asus;6;9;-23;12;-155;F
Asus;6;9;-23;11;-155;F
Asus;6;9;-23;10;-155;F
Asus;6;9;-23;9;-155;F
Asus;6;9;-23;8;-155;F
Asus;6;9;-23;7;-155;F
Asus;6;9;-23;6;-155;F
Asus;6;9;-23;5;-155;F
Asus;6;9;-23;4;-155;F
Asus;6;9;-23;3;-155;F
Asus;6;9;-23;2;-155;F
Asus;6;9;-23;1;-155;F
Asus;6;9;-23;0;-155;F
Asus;6;9;-23;-1;-155;F
Asus;6;9;-23;-2;-155;F
Asus;6;9;-23;-3;-155;F
Asus;6;9;-23;-4;-155;F
Asus;6;9;-23;-5;-155;F
Asus;6;9;-23;-6;-155;F
Asus;6;9;-23;-7;-155;F
Asus;6;9;-23;-8;-155;F
Asus;6;9;-23;-9;-155;F
Asus;6;9;-23;-10;-155;F
Asus;6;9;-23;-11;-155;F
Asus;6;9;-23;-12;-155;F
Asus;6;9;-23;-13;-155;F
Asus;6;9;-23;-14;-155;F
Asus;6;9;-23;-15;-155;F
Asus;6;9;-23;-16;-155;F
Asus;6;9;-23;-17;-155;F
Asus;6;9;-23;-18;-155;F
Asus;6;9;-23;-19;-155;F
Asus;6;9;-23;-20;-155;F
Asus;6;9;-22;20;-155;F
Asus;6;9;-22;19;-155;F
Asus;6;9;-22;18;-155;F
Asus;6;9;-22;17;-155;F
Asus;6;9;-22;16;-155;F
Asus;6;9;-22;15;-155;F
Asus;6;9;-22;14;-155;F
Asus;6;9;-22;13;-155;F
Asus;6;9;-22;12;-155;F
Asus;6;9;-22;11;-155;F
Asus;6;9;-22;10;-155;F
Asus;6;9;-22;9;-155;F
Asus;6;9;-22;8;-155;F
Asus;6;9;-22;7;-155;F
Asus;6;9;-22;6;-155;F
Asus;6;9;-22;5;-155;F
Asus;6;9;-22;4;-155;F
Asus;6;9;-22;3;-155;F
Asus;6;9;-22;2;-155;F
Asus;6;9;-22;1;-155;F
Asus;6;9;-22;0;-155;F
Asus;6;9;-22;-1;-155;F
Asus;6;9;-22;-2;-155;F
Asus;6;9;-22;-3;-155;F
Asus;6;9;-22;-4;-155;F
Asus;6;9;-22;-5;-155;F
Asus;6;9;-22;-6;-155;F
Asus;6;9;-22;-7;-155;F
Asus;6;9;-22;-8;-155;F
Asus;6;9;-22;-9;-155;F
Asus;6;9;-22;-10;-155;F
Asus;6;9;-22;-11;-155;F
Asus;6;9;-22;-12;-155;F
Asus;6;9;-22;-13;-155;F
Asus;6;9;-22;-14;-155;F
Asus;6;9;-22;-15;-155;F
Asus;6;9;-22;-16;-155;F
Asus;6;9;-22;-17;-155;F
Asus;6;9;-22;-18;-155;F
Asus;6;9;-22;-19;-155;F
Asus;6;9;-22;-20;-155;F
Asus;6;9;-21;20;-155;F
Asus;6;9;-21;19;-155;F
Asus;6;9;-21;18;-155;F
Asus;6;9;-21;17;-155;F
Asus;6;9;-21;16;-155;F
Asus;6;9;-21;15;-155;F
Asus;6;9;-21;14;-155;F
Asus;6;9;-21;13;-155;F
Asus;6;9;-21;12;-155;F
Asus;6;9;-21;11;-155;F
Asus;6;9;-21;10;-155;F
Asus;6;9;-21;9;-155;F
Asus;6;9;-21;8;-155;F
Asus;6;9;-21;7;-155;F
Asus;6;9;-21;6;-155;F
Asus;6;9;-21;5;-155;F
Asus;6;9;-21;4;-155;F
Asus;6;9;-21;3;-155;F
Asus;6;9;-21;2;-155;F
Asus;6;9;-21;1;-155;F
Asus;6;9;-21;0;-155;F
Asus;6;9;-21;-1;-155;F
Asus;6;9;-21;-2;-155;F
Asus;6;9;-21;-3;-155;F
Asus;6;9;-21;-4;-155;F
Asus;6;9;-21;-5;-155;F
Asus;6;9;-21;-6;-155;F
Asus;6;9;-21;-7;-155;F
Asus;6;9;-21;-8;-155;F
Asus;6;9;-21;-9;-155;F
Asus;6;9;-21;-10;-155;F
Asus;6;9;-21;-11;-155;F
Asus;6;9;-21;-12;-155;F
Asus;6;9;-21;-13;-155;F
Asus;6;9;-21;-14;-155;F
Asus;6;9;-21;-15;-155;F
Asus;6;9;-21;-16;-155;F
Asus;6;9;-21;-17;-155;F
Asus;6;9;-21;-18;-155;F
Asus;6;9;-21;-19;-155;F
Asus;6;9;-21;-20;-155;F
Asus;6;9;-20;20;-155;F
Asus;6;9;-20;19;-155;F
Asus;6;9;-20;18;-155;F
Asus;6;9;-20;17;-155;F
Asus;6;9;-20;16;-155;F
Asus;6;9;-20;15;-155;F
Asus;6;9;-20;14;-155;F
Asus;6;9;-20;13;-155;F
Asus;6;9;-20;12;-155;F
Asus;6;9;-20;11;-155;F
Asus;6;9;-20;10;-155;F
Asus;6;9;-20;9;-155;F
Asus;6;9;-20;8;-155;F
Asus;6;9;-20;7;-155;F
Asus;6;9;-20;6;-155;F
Asus;6;9;-20;5;-155;F
Asus;6;9;-20;4;-155;F
Asus;6;9;-20;3;-155;F
Asus;6;9;-20;2;-155;F
Asus;6;9;-20;1;-155;F
Asus;6;9;-20;0;-155;F
Asus;6;9;-20;-1;-155;F
Asus;6;9;-20;-2;-155;F
Asus;6;9;-20;-3;-155;F
Asus;6;9;-20;-4;-155;F
Asus;6;9;-20;-5;-155;F
Asus;6;9;-20;-6;-155;F
Asus;6;9;-20;-7;-155;F
Asus;6;9;-20;-8;-155;F
Asus;6;9;-20;-9;-155;F
Asus;6;9;-20;-10;-155;F
Asus;6;9;-20;-11;-155;F
Asus;6;9;-20;-12;-155;F
Asus;6;9;-20;-13;-155;F
Asus;6;9;-20;-14;-155;F
Asus;6;9;-20;-15;-155;F
Asus;6;9;-20;-16;-155;F
Asus;6;9;-20;-17;-155;F
Asus;6;9;-20;-18;-155;F
Asus;6;9;-20;-19;-155;F
Asus;6;9;-20;-20;-155;F
Asus;6;9;-19;20;-155;F
Asus;6;9;-19;19;-155;F
Asus;6;9;-19;18;-155;F
Asus;6;9;-19;17;-155;F
Asus;6;9;-19;16;-155;F
Asus;6;9;-19;15;-155;F
Asus;6;9;-19;14;-155;F
Asus;6;9;-19;13;-155;F
Asus;6;9;-19;12;-155;F
Asus;6;9;-19;11;-155;F
Asus;6;9;-19;10;-155;F
Asus;6;9;-19;9;-155;F
Asus;6;9;-19;8;-155;F
Asus;6;9;-19;7;-155;F
Asus;6;9;-19;6;-155;F
Asus;6;9;-19;5;-155;F
Asus;6;9;-19;4;-155;F
Asus;6;9;-19;3;-155;F
Asus;6;9;-19;2;-155;F
Asus;6;9;-19;1;-155;F
Asus;6;9;-19;0;-155;F
Asus;6;9;-19;-1;-155;F
Asus;6;9;-19;-2;-155;F
Asus;6;9;-19;-3;-155;F
Asus;6;9;-19;-4;-155;F
Asus;6;9;-19;-5;-155;F
Asus;6;9;-19;-6;-155;F
Asus;6;9;-19;-7;-155;F
Asus;6;9;-19;-8;-155;F
Asus;6;9;-19;-9;-155;F
Asus;6;9;-19;-10;-155;F
Asus;6;9;-19;-11;-155;F
Asus;6;9;-19;-12;-155;F
Asus;6;9;-19;-13;-155;F
Asus;6;9;-19;-14;-155;F
Asus;6;9;-19;-15;-155;F
Asus;6;9;-19;-16;-155;F
Asus;6;9;-19;-17;-155;F
Asus;6;9;-19;-18;-155;F
Asus;6;9;-19;-19;-155;F
Asus;6;9;-19;-20;-155;F
Asus;6;9;-18;20;-155;F
Asus;6;9;-18;19;-155;F
Asus;6;9;-18;18;-155;F
Asus;6;9;-18;17;-155;F
Asus;6;9;-18;16;-155;F
Asus;6;9;-18;15;-155;F
Asus;6;9;-18;14;-155;F
Asus;6;9;-18;13;-155;F
Asus;6;9;-18;12;-155;F
Asus;6;9;-18;11;-155;F
Asus;6;9;-18;10;-155;F
Asus;6;9;-18;9;-155;F
Asus;6;9;-18;8;-155;F
Asus;6;9;-18;7;-155;F
Asus;6;9;-18;6;-155;F
Asus;6;9;-18;5;-155;F
Asus;6;9;-18;4;-155;F
Asus;6;9;-18;3;-155;F
Asus;6;9;-18;2;-155;F
Asus;6;9;-18;1;-155;F
Asus;6;9;-18;0;-155;F
Asus;6;9;-18;-1;-155;F
Asus;6;9;-18;-2;-155;F
Asus;6;9;-18;-3;-155;F
Asus;6;9;-18;-4;-155;F
Asus;6;9;-18;-5;-155;F
Asus;6;9;-18;-6;-155;F
Asus;6;9;-18;-7;-155;F
Asus;6;9;-18;-8;-155;F
Asus;6;9;-18;-9;-155;F
Asus;6;9;-18;-10;-155;F
Asus;6;9;-18;-11;-155;F
Asus;6;9;-18;-12;-155;F
Asus;6;9;-18;-13;-155;F
Asus;6;9;-18;-14;-155;F
Asus;6;9;-18;-15;-155;F
Asus;6;9;-18;-16;-155;F
Asus;6;9;-18;-17;-155;F
Asus;6;9;-18;-18;-155;F
Asus;6;9;-18;-19;-155;F
Asus;6;9;-18;-20;-155;F
Asus;6;9;-17;20;-155;F
Asus;6;9;-17;19;-155;F
Asus;6;9;-17;18;-155;F
Asus;6;9;-17;17;-155;F
Asus;6;9;-17;16;-155;F
Asus;6;9;-17;15;-155;F
Asus;6;9;-17;14;-155;F
Asus;6;9;-17;13;-155;F
Asus;6;9;-17;12;-155;F
Asus;6;9;-17;11;-155;F
Asus;6;9;-17;10;-155;F
Asus;6;9;-17;9;-155;F
Asus;6;9;-17;8;-155;F
Asus;6;9;-17;7;-155;F
Asus;6;9;-17;6;-155;F
Asus;6;9;-17;5;-155;F
Asus;6;9;-17;4;-155;F
Asus;6;9;-17;3;-155;F
Asus;6;9;-17;2;-155;F
Asus;6;9;-17;1;-155;F
Asus;6;9;-17;0;-155;F
Asus;6;9;-17;-1;-155;F
Asus;6;9;-17;-2;-155;F
Asus;6;9;-17;-3;-155;F
Asus;6;9;-17;-4;-155;F
Asus;6;9;-17;-5;-155;F
Asus;6;9;-17;-6;-155;F
Asus;6;9;-17;-7;-155;F
Asus;6;9;-17;-8;-155;F
Asus;6;9;-17;-9;-155;F
Asus;6;9;-17;-10;-155;F
Asus;6;9;-17;-11;-155;F
Asus;6;9;-17;-12;-155;F
Asus;6;9;-17;-13;-155;F
Asus;6;9;-17;-14;-155;F
Asus;6;9;-17;-15;-155;F
Asus;6;9;-17;-16;-155;F
Asus;6;9;-17;-17;-155;F
Asus;6;9;-17;-18;-155;F
Asus;6;9;-17;-19;-155;F
Asus;6;9;-17;-20;-155;F
Asus;6;9;-16;20;-155;F
Asus;6;9;-16;19;-155;F
Asus;6;9;-16;18;-155;F
Asus;6;9;-16;17;-155;F
Asus;6;9;-16;16;-155;F
Asus;6;9;-16;15;-155;F
Asus;6;9;-16;14;-155;F
Asus;6;9;-16;13;-155;F
Asus;6;9;-16;12;-155;F
Asus;6;9;-16;11;-155;F
Asus;6;9;-16;10;-155;F
Asus;6;9;-16;9;-155;F
Asus;6;9;-16;8;-155;F
Asus;6;9;-16;7;-155;F
Asus;6;9;-16;6;-155;F
Asus;6;9;-16;5;-155;F
Asus;6;9;-16;4;-155;F
Asus;6;9;-16;3;-155;F
Asus;6;9;-16;2;-155;F
Asus;6;9;-16;1;-155;F
Asus;6;9;-16;0;-155;F
Asus;6;9;-16;-1;-155;F
Asus;6;9;-16;-2;-155;F
Asus;6;9;-16;-3;-155;F
Asus;6;9;-16;-4;-155;F
Asus;6;9;-16;-5;-155;F
Asus;6;9;-16;-6;-155;F
Asus;6;9;-16;-7;-155;F
Asus;6;9;-16;-8;-155;F
Asus;6;9;-16;-9;-155;F
Asus;6;9;-16;-10;-155;F
Asus;6;9;-16;-11;-155;F
Asus;6;9;-16;-12;-155;F
Asus;6;9;-16;-13;-155;F
Asus;6;9;-16;-14;-155;F
Asus;6;9;-16;-15;-155;F
Asus;6;9;-16;-16;-155;F
Asus;6;9;-16;-17;-155;F
Asus;6;9;-16;-18;-155;F
Asus;6;9;-16;-19;-155;F
Asus;6;9;-16;-20;-155;F
Asus;6;9;-15;20;-155;F
Asus;6;9;-15;19;-155;F
Asus;6;9;-15;18;-155;F
Asus;6;9;-15;17;-155;F
Asus;6;9;-15;16;-155;F
Asus;6;9;-15;15;-155;F
Asus;6;9;-15;14;-155;F
Asus;6;9;-15;13;-155;F
Asus;6;9;-15;12;-155;F
Asus;6;9;-15;11;-155;F
Asus;6;9;-15;10;-155;F
Asus;6;9;-15;9;-155;F
Asus;6;9;-15;8;-155;F
Asus;6;9;-15;7;-155;F
Asus;6;9;-15;6;-155;F
Asus;6;9;-15;5;-155;F
Asus;6;9;-15;4;-155;F
Asus;6;9;-15;3;-155;F
Asus;6;9;-15;2;-155;F
Asus;6;9;-15;1;-155;F
Asus;6;9;-15;0;-155;F
Asus;6;9;-15;-1;-155;F
Asus;6;9;-15;-2;-155;F
Asus;6;9;-15;-3;-155;F
Asus;6;9;-15;-4;-155;F
Asus;6;9;-15;-5;-155;F
Asus;6;9;-15;-6;-155;F
Asus;6;9;-15;-7;-155;F
Asus;6;9;-15;-8;-155;F
Asus;6;9;-15;-9;-155;F
Asus;6;9;-15;-10;-155;F
Asus;6;9;-15;-11;-155;F
Asus;6;9;-15;-12;-155;F
Asus;6;9;-15;-13;-155;F
Asus;6;9;-15;-14;-155;F
Asus;6;9;-15;-15;-155;F
Asus;6;9;-15;-16;-155;F
Asus;6;9;-15;-17;-155;F
Asus;6;9;-15;-18;-155;F
Asus;6;9;-15;-19;-155;F
Asus;6;9;-15;-20;-155;F
Asus;6;9;-14;20;-155;F
Asus;6;9;-14;19;-155;F
Asus;6;9;-14;18;-155;F
Asus;6;9;-14;17;-155;F
Asus;6;9;-14;16;-155;F
Asus;6;9;-14;15;-155;F
Asus;6;9;-14;14;-155;F
Asus;6;9;-14;13;-155;F
Asus;6;9;-14;12;-155;F
Asus;6;9;-14;11;-155;F
Asus;6;9;-14;10;-155;F
Asus;6;9;-14;9;-155;F
Asus;6;9;-14;8;-155;F
Asus;6;9;-14;7;-155;F
Asus;6;9;-14;6;-155;F
Asus;6;9;-14;5;-155;F
Asus;6;9;-14;4;-155;F
Asus;6;9;-14;3;-155;F
Asus;6;9;-14;2;-155;F
Asus;6;9;-14;1;-155;F
Asus;6;9;-14;0;-155;F
Asus;6;9;-14;-1;-155;F
Asus;6;9;-14;-2;-155;F
Asus;6;9;-14;-3;-155;F
Asus;6;9;-14;-4;-155;F
Asus;6;9;-14;-5;-155;F
Asus;6;9;-14;-6;-155;F
Asus;6;9;-14;-7;-155;F
Asus;6;9;-14;-8;-155;F
Asus;6;9;-14;-9;-155;F
Asus;6;9;-14;-10;-155;F
Asus;6;9;-14;-11;-155;F
Asus;6;9;-14;-12;-155;F
Asus;6;9;-14;-13;-155;F
Asus;6;9;-14;-14;-155;F
Asus;6;9;-14;-15;-155;F
Asus;6;9;-14;-16;-155;F
Asus;6;9;-14;-17;-155;F
Asus;6;9;-14;-18;-155;F
Asus;6;9;-14;-19;-155;F
Asus;6;9;-14;-20;-155;F
Asus;6;9;-13;20;-155;F
Asus;6;9;-13;19;-155;F
Asus;6;9;-13;18;-155;F
Asus;6;9;-13;17;-155;F
Asus;6;9;-13;16;-155;F
Asus;6;9;-13;15;-155;F
Asus;6;9;-13;14;-155;F
Asus;6;9;-13;13;-155;F
Asus;6;9;-13;12;-155;F
Asus;6;9;-13;11;-155;F
Asus;6;9;-13;10;-155;F
Asus;6;9;-13;9;-155;F
Asus;6;9;-13;8;-155;F
Asus;6;9;-13;7;-155;F
Asus;6;9;-13;6;-155;F
Asus;6;9;-13;5;-155;F
Asus;6;9;-13;4;-155;F
Asus;6;9;-13;3;-155;F
Asus;6;9;-13;2;-155;F
Asus;6;9;-13;1;-155;F
Asus;6;9;-13;0;-155;F
Asus;6;9;-13;-1;-155;F
Asus;6;9;-13;-2;-155;F
Asus;6;9;-13;-3;-155;F
Asus;6;9;-13;-4;-155;F
Asus;6;9;-13;-5;-155;F
Asus;6;9;-13;-6;-155;F
Asus;6;9;-13;-7;-155;F
Asus;6;9;-13;-8;-155;F
Asus;6;9;-13;-9;-155;F
Asus;6;9;-13;-10;-155;F
Asus;6;9;-13;-11;-155;F
Asus;6;9;-13;-12;-155;F
Asus;6;9;-13;-13;-155;F
Asus;6;9;-13;-14;-155;F
Asus;6;9;-13;-15;-155;F
Asus;6;9;-13;-16;-155;F
Asus;6;9;-13;-17;-155;F
Asus;6;9;-13;-18;-155;F
Asus;6;9;-13;-19;-155;F
Asus;6;9;-13;-20;-155;F
Asus;6;9;-12;20;-155;F
Asus;6;9;-12;19;-155;F
Asus;6;9;-12;18;-155;F
Asus;6;9;-12;17;-155;F
Asus;6;9;-12;16;-155;F
Asus;6;9;-12;15;-155;F
Asus;6;9;-12;14;-155;F
Asus;6;9;-12;13;-155;F
Asus;6;9;-12;12;-155;F
Asus;6;9;-12;11;-155;F
Asus;6;9;-12;10;-155;F
Asus;6;9;-12;9;-155;F
Asus;6;9;-12;8;-155;F
Asus;6;9;-12;7;-155;F
Asus;6;9;-12;6;-155;F
Asus;6;9;-12;5;-155;F
Asus;6;9;-12;4;-155;F
Asus;6;9;-12;3;-155;F
Asus;6;9;-12;2;-155;F
Asus;6;9;-12;1;-155;F
Asus;6;9;-12;0;-155;F
Asus;6;9;-12;-1;-155;F
Asus;6;9;-12;-2;-155;F
Asus;6;9;-12;-3;-155;F
Asus;6;9;-12;-4;-155;F
Asus;6;9;-12;-5;-155;F
Asus;6;9;-12;-6;-155;F
Asus;6;9;-12;-7;-155;F
Asus;6;9;-12;-8;-155;F
Asus;6;9;-12;-9;-155;F
Asus;6;9;-12;-10;-155;F
Asus;6;9;-12;-11;-155;F
Asus;6;9;-12;-12;-155;F
Asus;6;9;-12;-13;-155;F
Asus;6;9;-12;-14;-155;F
Asus;6;9;-12;-15;-155;F
Asus;6;9;-12;-16;-155;F
Asus;6;9;-12;-17;-155;F
Asus;6;9;-12;-18;-155;F
Asus;6;9;-12;-19;-155;F
Asus;6;9;-12;-20;-155;F
Asus;6;9;-11;20;-155;F
Asus;6;9;-11;19;-155;F
Asus;6;9;-11;18;-155;F
Asus;6;9;-11;17;-155;F
Asus;6;9;-11;16;-155;F
Asus;6;9;-11;15;-155;F
Asus;6;9;-11;14;-155;F
Asus;6;9;-11;13;-155;F
Asus;6;9;-11;12;-155;F
Asus;6;9;-11;11;-155;F
Asus;6;9;-11;10;-155;F
Asus;6;9;-11;9;-155;F
Asus;6;9;-11;8;-155;F
Asus;6;9;-11;7;-155;F
Asus;6;9;-11;6;-155;F
Asus;6;9;-11;5;-155;F
Asus;6;9;-11;4;-155;F
Asus;6;9;-11;3;-155;F
Asus;6;9;-11;2;-155;F
Asus;6;9;-11;1;-155;F
Asus;6;9;-11;0;-155;F
Asus;6;9;-11;-1;-155;F
Asus;6;9;-11;-2;-155;F
Asus;6;9;-11;-3;-155;F
Asus;6;9;-11;-4;-155;F
Asus;6;9;-11;-5;-155;F
Asus;6;9;-11;-6;-155;F
Asus;6;9;-11;-7;-155;F
Asus;6;9;-11;-8;-155;F
Asus;6;9;-11;-9;-155;F
Asus;6;9;-11;-10;-155;F
Asus;6;9;-11;-11;-155;F
Asus;6;9;-11;-12;-155;F
Asus;6;9;-11;-13;-155;F
Asus;6;9;-11;-14;-155;F
Asus;6;9;-11;-15;-155;F
Asus;6;9;-11;-16;-155;F
Asus;6;9;-11;-17;-155;F
Asus;6;9;-11;-18;-155;F
Asus;6;9;-11;-19;-155;F
Asus;6;9;-11;-20;-155;F
Asus;6;9;-10;20;-155;F
Asus;6;9;-10;19;-155;F
Asus;6;9;-10;18;-155;F
Asus;6;9;-10;17;-155;F
Asus;6;9;-10;16;-155;F
Asus;6;9;-10;15;-155;F
Asus;6;9;-10;14;-155;F
Asus;6;9;-10;13;-155;F
Asus;6;9;-10;12;-155;F
Asus;6;9;-10;11;-155;F
Asus;6;9;-10;10;-155;F
Asus;6;9;-10;9;-155;F
Asus;6;9;-10;8;-155;F
Asus;6;9;-10;7;-155;F
Asus;6;9;-10;6;-155;F
Asus;6;9;-10;5;-155;F
Asus;6;9;-10;4;-155;F
Asus;6;9;-10;3;-155;F
Asus;6;9;-10;2;-155;F
Asus;6;9;-10;1;-155;F
Asus;6;9;-10;0;-155;F
Asus;6;9;-10;-1;-155;F
Asus;6;9;-10;-2;-155;F
Asus;6;9;-10;-3;-155;F
Asus;6;9;-10;-4;-155;F
Asus;6;9;-10;-5;-155;F
Asus;6;9;-10;-6;-155;F
Asus;6;9;-10;-7;-155;F
Asus;6;9;-10;-8;-155;F
Asus;6;9;-10;-9;-155;F
Asus;6;9;-10;-10;-155;F
Asus;6;9;-10;-11;-155;F
Asus;6;9;-10;-12;-155;F
Asus;6;9;-10;-13;-155;F
Asus;6;9;-10;-14;-155;F
Asus;6;9;-10;-15;-155;F
Asus;6;9;-10;-16;-155;F
Asus;6;9;-10;-17;-155;F
Asus;6;9;-10;-18;-155;F
Asus;6;9;-10;-19;-155;F
Asus;6;9;-10;-20;-155;F
Asus;6;9;-9;20;-155;F
Asus;6;9;-9;19;-155;F
Asus;6;9;-9;18;-155;F
Asus;6;9;-9;17;-155;F
Asus;6;9;-9;16;-155;F
Asus;6;9;-9;15;-155;F
Asus;6;9;-9;14;-155;F
Asus;6;9;-9;13;-155;F
Asus;6;9;-9;12;-155;F
Asus;6;9;-9;11;-155;F
Asus;6;9;-9;10;-155;F
Asus;6;9;-9;9;-155;F
Asus;6;9;-9;8;-155;F
Asus;6;9;-9;7;-155;F
Asus;6;9;-9;6;-155;F
Asus;6;9;-9;5;-155;F
Asus;6;9;-9;4;-155;F
Asus;6;9;-9;3;-155;F
Asus;6;9;-9;2;-155;F
Asus;6;9;-9;1;-155;F
Asus;6;9;-9;0;-155;F
Asus;6;9;-9;-1;-155;F
Asus;6;9;-9;-2;-155;F
Asus;6;9;-9;-3;-155;F
Asus;6;9;-9;-4;-155;F
Asus;6;9;-9;-5;-155;F
Asus;6;9;-9;-6;-155;F
Asus;6;9;-9;-7;-155;F
Asus;6;9;-9;-8;-155;F
Asus;6;9;-9;-9;-155;F
Asus;6;9;-9;-10;-155;F
Asus;6;9;-9;-11;-155;F
Asus;6;9;-9;-12;-155;F
Asus;6;9;-9;-13;-155;F
Asus;6;9;-9;-14;-155;F
Asus;6;9;-9;-15;-155;F
Asus;6;9;-9;-16;-155;F
Asus;6;9;-9;-17;-155;F
Asus;6;9;-9;-18;-155;F
Asus;6;9;-9;-19;-155;F
Asus;6;9;-9;-20;-155;F
Asus;6;9;-8;20;-155;F
Asus;6;9;-8;19;-155;F
Asus;6;9;-8;18;-155;F
Asus;6;9;-8;17;-155;F
Asus;6;9;-8;16;-155;F
Asus;6;9;-8;15;-155;F
Asus;6;9;-8;14;-155;F
Asus;6;9;-8;13;-155;F
Asus;6;9;-8;12;-155;F
Asus;6;9;-8;11;-155;F
Asus;6;9;-8;10;-155;F
Asus;6;9;-8;9;-155;F
Asus;6;9;-8;8;-155;F
Asus;6;9;-8;7;-155;F
Asus;6;9;-8;6;-155;F
Asus;6;9;-8;5;-155;F
Asus;6;9;-8;4;-155;F
Asus;6;9;-8;3;-155;F
Asus;6;9;-8;2;-155;F
Asus;6;9;-8;1;-155;F
Asus;6;9;-8;0;-155;F
Asus;6;9;-8;-1;-155;F
Asus;6;9;-8;-2;-155;F
Asus;6;9;-8;-3;-155;F
Asus;6;9;-8;-4;-155;F
Asus;6;9;-8;-5;-155;F
Asus;6;9;-8;-6;-155;F
Asus;6;9;-8;-7;-155;F
Asus;6;9;-8;-8;-155;F
Asus;6;9;-8;-9;-155;F
Asus;6;9;-8;-10;-155;F
Asus;6;9;-8;-11;-155;F
Asus;6;9;-8;-12;-155;F
Asus;6;9;-8;-13;-155;F
Asus;6;9;-8;-14;-155;F
Asus;6;9;-8;-15;-155;F
Asus;6;9;-8;-16;-155;F
Asus;6;9;-8;-17;-155;F
Asus;6;9;-8;-18;-155;F
Asus;6;9;-8;-19;-155;F
Asus;6;9;-8;-20;-155;F
Asus;6;9;-7;20;-155;F
Asus;6;9;-7;19;-155;F
Asus;6;9;-7;18;-155;F
Asus;6;9;-7;17;-155;F
Asus;6;9;-7;16;-155;F
Asus;6;9;-7;15;-155;F
Asus;6;9;-7;14;-155;F
Asus;6;9;-7;13;-155;F
Asus;6;9;-7;12;-155;F
Asus;6;9;-7;11;-155;F
Asus;6;9;-7;10;-155;F
Asus;6;9;-7;9;-155;F
Asus;6;9;-7;8;-155;F
Asus;6;9;-7;7;-155;F
Asus;6;9;-7;6;-155;F
Asus;6;9;-7;5;-155;F
Asus;6;9;-7;4;-155;F
Asus;6;9;-7;3;-155;F
Asus;6;9;-7;2;-155;F
Asus;6;9;-7;1;-155;F
Asus;6;9;-7;0;-155;F
Asus;6;9;-7;-1;-155;F
Asus;6;9;-7;-2;-155;F
Asus;6;9;-7;-3;-155;F
Asus;6;9;-7;-4;-155;F
Asus;6;9;-7;-5;-155;F
Asus;6;9;-7;-6;-155;F
Asus;6;9;-7;-7;-155;F
Asus;6;9;-7;-8;-155;F
Asus;6;9;-7;-9;-155;F
Asus;6;9;-7;-10;-155;F
Asus;6;9;-7;-11;-155;F
Asus;6;9;-7;-12;-155;F
Asus;6;9;-7;-13;-155;F
Asus;6;9;-7;-14;-155;F
Asus;6;9;-7;-15;-155;F
Asus;6;9;-7;-16;-155;F
Asus;6;9;-7;-17;-155;F
Asus;6;9;-7;-18;-155;F
Asus;6;9;-7;-19;-155;F
Asus;6;9;-7;-20;-155;F
Asus;6;9;-6;20;-155;F
Asus;6;9;-6;19;-155;F
Asus;6;9;-6;18;-155;F
Asus;6;9;-6;17;-155;F
Asus;6;9;-6;16;-155;F
Asus;6;9;-6;15;-155;F
Asus;6;9;-6;14;-155;F
Asus;6;9;-6;13;-155;F
Asus;6;9;-6;12;-155;F
Asus;6;9;-6;11;-155;F
Asus;6;9;-6;10;-155;F
Asus;6;9;-6;9;-155;F
Asus;6;9;-6;8;-155;F
Asus;6;9;-6;7;-155;F
Asus;6;9;-6;6;-155;F
Asus;6;9;-6;5;-155;F
Asus;6;9;-6;4;-155;F
Asus;6;9;-6;3;-155;F
Asus;6;9;-6;2;-155;F
Asus;6;9;-6;1;-155;F
Asus;6;9;-6;0;-155;F
Asus;6;9;-6;-1;-155;F
Asus;6;9;-6;-2;-155;F
Asus;6;9;-6;-3;-155;F
Asus;6;9;-6;-4;-155;F
Asus;6;9;-6;-5;-155;F
Asus;6;9;-6;-6;-155;F
Asus;6;9;-6;-7;-155;F
Asus;6;9;-6;-8;-155;F
Asus;6;9;-6;-9;-155;F
Asus;6;9;-6;-10;-155;F
Asus;6;9;-6;-11;-155;F
Asus;6;9;-6;-12;-155;F
Asus;6;9;-6;-13;-155;F
Asus;6;9;-6;-14;-155;F
Asus;6;9;-6;-15;-155;F
Asus;6;9;-6;-16;-155;F
Asus;6;9;-6;-17;-155;F
Asus;6;9;-6;-18;-155;F
Asus;6;9;-6;-19;-155;F
Asus;6;9;-6;-20;-155;F
Asus;6;9;-5;20;-155;F
Asus;6;9;-5;19;-155;F
Asus;6;9;-5;18;-155;F
Asus;6;9;-5;17;-155;S
Asus;6;9;-5;16;-155;F
Asus;6;9;-5;15;-155;F
Asus;6;9;-5;14;-155;F
Asus;6;9;-5;13;-155;F
Asus;6;9;-5;12;-155;F
Asus;6;9;-5;11;-155;F
Asus;6;9;-5;10;-155;S
Asus;6;9;-5;9;-155;F
Asus;6;9;-5;8;-155;S
Asus;6;9;-5;7;-155;F
Asus;6;9;-5;6;-155;F
Asus;6;9;-5;5;-155;F
Asus;6;9;-5;4;-155;F
Asus;6;9;-5;3;-155;F
Asus;6;9;-5;2;-155;F
Asus;6;9;-5;1;-155;F
Asus;6;9;-5;0;-155;F
Asus;6;9;-5;-1;-155;F
Asus;6;9;-5;-2;-155;F
Asus;6;9;-5;-3;-155;F
Asus;6;9;-5;-4;-155;F
Asus;6;9;-5;-5;-155;F
Asus;6;9;-5;-6;-155;F
Asus;6;9;-5;-7;-155;F
Asus;6;9;-5;-8;-155;F
Asus;6;9;-5;-9;-155;F
Asus;6;9;-5;-10;-155;F
Asus;6;9;-5;-11;-155;F
Asus;6;9;-5;-12;-155;F
Asus;6;9;-5;-13;-155;F
Asus;6;9;-5;-14;-155;F
Asus;6;9;-5;-15;-155;F
Asus;6;9;-5;-16;-155;F
Asus;6;9;-5;-17;-155;F
Asus;6;9;-5;-18;-155;F
Asus;6;9;-5;-19;-155;F
Asus;6;9;-5;-20;-155;F
Asus;6;9;-4;20;-155;S
Asus;6;9;-4;19;-155;S
Asus;6;9;-4;18;-155;S
Asus;6;9;-4;17;-155;S
Asus;6;9;-4;16;-155;S
Asus;6;9;-4;15;-155;S
Asus;6;9;-4;14;-155;S
Asus;6;9;-4;13;-155;S
Asus;6;9;-4;12;-155;S
Asus;6;9;-4;11;-155;S
Asus;6;9;-4;10;-155;S
Asus;6;9;-4;9;-155;S
Asus;6;9;-4;8;-155;S
Asus;6;9;-4;7;-155;F
Asus;6;9;-4;6;-155;F
Asus;6;9;-4;5;-155;F
Asus;6;9;-4;4;-155;F
Asus;6;9;-4;3;-155;F
Asus;6;9;-4;2;-155;F
Asus;6;9;-4;1;-155;F
Asus;6;9;-4;0;-155;F
Asus;6;9;-4;-1;-155;F
Asus;6;9;-4;-2;-155;F
Asus;6;9;-4;-3;-155;F
Asus;6;9;-4;-4;-155;F
Asus;6;9;-4;-5;-155;F
Asus;6;9;-4;-6;-155;F
Asus;6;9;-4;-7;-155;F
Asus;6;9;-4;-8;-155;F
Asus;6;9;-4;-9;-155;F
Asus;6;9;-4;-10;-155;F
Asus;6;9;-4;-11;-155;F
Asus;6;9;-4;-12;-155;F
Asus;6;9;-4;-13;-155;F
Asus;6;9;-4;-14;-155;F
Asus;6;9;-4;-15;-155;F
Asus;6;9;-4;-16;-155;F
Asus;6;9;-4;-17;-155;F
Asus;6;9;-4;-18;-155;F
Asus;6;9;-4;-19;-155;F
Asus;6;9;-4;-20;-155;F
Asus;6;9;-3;20;-155;S
Asus;6;9;-3;19;-155;S
Asus;6;9;-3;18;-155;S
Asus;6;9;-3;17;-155;S
Asus;6;9;-3;16;-155;S
Asus;6;9;-3;15;-155;S
Asus;6;9;-3;14;-155;S
Asus;6;9;-3;13;-155;S
Asus;6;9;-3;12;-155;S
Asus;6;9;-3;11;-155;S
Asus;6;9;-3;10;-155;S
Asus;6;9;-3;9;-155;S
Asus;6;9;-3;8;-155;S
Asus;6;9;-3;7;-155;F
Asus;6;9;-3;6;-155;F
Asus;6;9;-3;5;-155;F
Asus;6;9;-3;4;-155;F
Asus;6;9;-3;3;-155;F
Asus;6;9;-3;2;-155;F
Asus;6;9;-3;1;-155;F
Asus;6;9;-3;0;-155;F
Asus;6;9;-3;-1;-155;F
Asus;6;9;-3;-2;-155;F
Asus;6;9;-3;-3;-155;F
Asus;6;9;-3;-4;-155;F
Asus;6;9;-3;-5;-155;F
Asus;6;9;-3;-6;-155;F
Asus;6;9;-3;-7;-155;F
Asus;6;9;-3;-8;-155;F
Asus;6;9;-3;-9;-155;F
Asus;6;9;-3;-10;-155;F
Asus;6;9;-3;-11;-155;F
Asus;6;9;-3;-12;-155;F
Asus;6;9;-3;-13;-155;F
Asus;6;9;-3;-14;-155;F
Asus;6;9;-3;-15;-155;F
Asus;6;9;-3;-16;-155;F
Asus;6;9;-3;-17;-155;F
Asus;6;9;-3;-18;-155;F
Asus;6;9;-3;-19;-155;F
Asus;6;9;-3;-20;-155;F
Asus;6;9;-2;20;-155;S
Asus;6;9;-2;19;-155;S
Asus;6;9;-2;18;-155;S
Asus;6;9;-2;17;-155;S
Asus;6;9;-2;16;-155;S
Asus;6;9;-2;15;-155;S
Asus;6;9;-2;14;-155;S
Asus;6;9;-2;13;-155;S
Asus;6;9;-2;12;-155;S
Asus;6;9;-2;11;-155;S
Asus;6;9;-2;10;-155;S
Asus;6;9;-2;9;-155;S
Asus;6;9;-2;8;-155;S
Asus;6;9;-2;7;-155;F
Asus;6;9;-2;6;-155;F
Asus;6;9;-2;5;-155;F
Asus;6;9;-2;4;-155;F
Asus;6;9;-2;3;-155;F
Asus;6;9;-2;2;-155;F
Asus;6;9;-2;1;-155;F
Asus;6;9;-2;0;-155;F
Asus;6;9;-2;-1;-155;F
Asus;6;9;-2;-2;-155;F
Asus;6;9;-2;-3;-155;F
Asus;6;9;-2;-4;-155;F
Asus;6;9;-2;-5;-155;F
Asus;6;9;-2;-6;-155;F
Asus;6;9;-2;-7;-155;F
Asus;6;9;-2;-8;-155;F
Asus;6;9;-2;-9;-155;F
Asus;6;9;-2;-10;-155;F
Asus;6;9;-2;-11;-155;F
Asus;6;9;-2;-12;-155;F
Asus;6;9;-2;-13;-155;F
Asus;6;9;-2;-14;-155;F
Asus;6;9;-2;-15;-155;F
Asus;6;9;-2;-16;-155;F
Asus;6;9;-2;-17;-155;F
Asus;6;9;-2;-18;-155;F
Asus;6;9;-2;-19;-155;F
Asus;6;9;-2;-20;-155;F
Asus;6;9;-1;20;-155;S
Asus;6;9;-1;19;-155;S
Asus;6;9;-1;18;-155;S
Asus;6;9;-1;17;-155;S
Asus;6;9;-1;16;-155;S
Asus;6;9;-1;15;-155;S
Asus;6;9;-1;14;-155;S
Asus;6;9;-1;13;-155;S
Asus;6;9;-1;12;-155;S
Asus;6;9;-1;11;-155;S
Asus;6;9;-1;10;-155;S
Asus;6;9;-1;9;-155;S
Asus;6;9;-1;8;-155;S
Asus;6;9;-1;7;-155;F
Asus;6;9;-1;6;-155;F
Asus;6;9;-1;5;-155;F
Asus;6;9;-1;4;-155;F
Asus;6;9;-1;3;-155;F
Asus;6;9;-1;2;-155;F
Asus;6;9;-1;1;-155;F
Asus;6;9;-1;0;-155;F
Asus;6;9;-1;-1;-155;F
Asus;6;9;-1;-2;-155;F
Asus;6;9;-1;-3;-155;F
Asus;6;9;-1;-4;-155;F
Asus;6;9;-1;-5;-155;F
Asus;6;9;-1;-6;-155;F
Asus;6;9;-1;-7;-155;F
Asus;6;9;-1;-8;-155;F
Asus;6;9;-1;-9;-155;F
Asus;6;9;-1;-10;-155;F
Asus;6;9;-1;-11;-155;F
Asus;6;9;-1;-12;-155;F
Asus;6;9;-1;-13;-155;F
Asus;6;9;-1;-14;-155;F
Asus;6;9;-1;-15;-155;F
Asus;6;9;-1;-16;-155;F
Asus;6;9;-1;-17;-155;F
Asus;6;9;-1;-18;-155;F
Asus;6;9;-1;-19;-155;F
Asus;6;9;-1;-20;-155;F
Asus;6;9;0;20;-155;S
Asus;6;9;0;19;-155;S
Asus;6;9;0;18;-155;S
Asus;6;9;0;17;-155;S
Asus;6;9;0;16;-155;S
Asus;6;9;0;15;-155;S
Asus;6;9;0;14;-155;S
Asus;6;9;0;13;-155;S
Asus;6;9;0;12;-155;S
Asus;6;9;0;11;-155;S
Asus;6;9;0;10;-155;S
Asus;6;9;0;9;-155;S
Asus;6;9;0;8;-155;F
Asus;6;9;0;7;-155;F
Asus;6;9;0;6;-155;F
Asus;6;9;0;5;-155;F
Asus;6;9;0;4;-155;F
Asus;6;9;0;3;-155;F
Asus;6;9;0;2;-155;F
Asus;6;9;0;1;-155;F
Asus;6;9;0;0;-155;F
Asus;6;9;0;-1;-155;F
Asus;6;9;0;-2;-155;F
Asus;6;9;0;-3;-155;F
Asus;6;9;0;-4;-155;F
Asus;6;9;0;-5;-155;F
Asus;6;9;0;-6;-155;F
Asus;6;9;0;-7;-155;F
Asus;6;9;0;-8;-155;F
Asus;6;9;0;-9;-155;F
Asus;6;9;0;-10;-155;F
Asus;6;9;0;-11;-155;F
Asus;6;9;0;-12;-155;F
Asus;6;9;0;-13;-155;F
Asus;6;9;0;-14;-155;F
Asus;6;9;0;-15;-155;F
Asus;6;9;0;-16;-155;F
Asus;6;9;0;-17;-155;F
Asus;6;9;0;-18;-155;F
Asus;6;9;0;-19;-155;F
Asus;6;9;0;-20;-155;F
Asus;6;9;1;20;-155;S
Asus;6;9;1;19;-155;S
Asus;6;9;1;18;-155;S
Asus;6;9;1;17;-155;S
Asus;6;9;1;16;-155;S
Asus;6;9;1;15;-155;S
Asus;6;9;1;14;-155;S
Asus;6;9;1;13;-155;S
Asus;6;9;1;12;-155;S
Asus;6;9;1;11;-155;S
Asus;6;9;1;10;-155;S
Asus;6;9;1;9;-155;S
Asus;6;9;1;8;-155;F
Asus;6;9;1;7;-155;F
Asus;6;9;1;6;-155;F
Asus;6;9;1;5;-155;F
Asus;6;9;1;4;-155;F
Asus;6;9;1;3;-155;F
Asus;6;9;1;2;-155;F
Asus;6;9;1;1;-155;F
Asus;6;9;1;0;-155;F
Asus;6;9;1;-1;-155;F
Asus;6;9;1;-2;-155;F
Asus;6;9;1;-3;-155;F
Asus;6;9;1;-4;-155;F
Asus;6;9;1;-5;-155;F
Asus;6;9;1;-6;-155;F
Asus;6;9;1;-7;-155;F
Asus;6;9;1;-8;-155;F
Asus;6;9;1;-9;-155;F
Asus;6;9;1;-10;-155;F
Asus;6;9;1;-11;-155;F
Asus;6;9;1;-12;-155;F
Asus;6;9;1;-13;-155;F
Asus;6;9;1;-14;-155;F
Asus;6;9;1;-15;-155;F
Asus;6;9;1;-16;-155;F
Asus;6;9;1;-17;-155;F
Asus;6;9;1;-18;-155;F
Asus;6;9;1;-19;-155;F
Asus;6;9;1;-20;-155;F
Asus;6;9;2;20;-155;S
Asus;6;9;2;19;-155;S
Asus;6;9;2;18;-155;S
Asus;6;9;2;17;-155;S
Asus;6;9;2;16;-155;S
Asus;6;9;2;15;-155;S
Asus;6;9;2;14;-155;S
Asus;6;9;2;13;-155;S
Asus;6;9;2;12;-155;S
Asus;6;9;2;11;-155;S
Asus;6;9;2;10;-155;S
Asus;6;9;2;9;-155;S
Asus;6;9;2;8;-155;S
Asus;6;9;2;7;-155;F
Asus;6;9;2;6;-155;F
Asus;6;9;2;5;-155;F
Asus;6;9;2;4;-155;F
Asus;6;9;2;3;-155;F
Asus;6;9;2;2;-155;F
Asus;6;9;2;1;-155;F
Asus;6;9;2;0;-155;F
Asus;6;9;2;-1;-155;F
Asus;6;9;2;-2;-155;F
Asus;6;9;2;-3;-155;F
Asus;6;9;2;-4;-155;F
Asus;6;9;2;-5;-155;F
Asus;6;9;2;-6;-155;F
Asus;6;9;2;-7;-155;F
Asus;6;9;2;-8;-155;F
Asus;6;9;2;-9;-155;F
Asus;6;9;2;-10;-155;F
Asus;6;9;2;-11;-155;F
Asus;6;9;2;-12;-155;F
Asus;6;9;2;-13;-155;F
Asus;6;9;2;-14;-155;F
Asus;6;9;2;-15;-155;F
Asus;6;9;2;-16;-155;F
Asus;6;9;2;-17;-155;F
Asus;6;9;2;-18;-155;F
Asus;6;9;2;-19;-155;F
Asus;6;9;2;-20;-155;F
Asus;6;9;3;20;-155;S
Asus;6;9;3;19;-155;S
Asus;6;9;3;18;-155;S
Asus;6;9;3;17;-155;S
Asus;6;9;3;16;-155;S
Asus;6;9;3;15;-155;S
Asus;6;9;3;14;-155;S
Asus;6;9;3;13;-155;S
Asus;6;9;3;12;-155;S
Asus;6;9;3;11;-155;S
Asus;6;9;3;10;-155;S
Asus;6;9;3;9;-155;S
Asus;6;9;3;8;-155;F
Asus;6;9;3;7;-155;F
Asus;6;9;3;6;-155;F
Asus;6;9;3;5;-155;F
Asus;6;9;3;4;-155;F
Asus;6;9;3;3;-155;F
Asus;6;9;3;2;-155;F
Asus;6;9;3;1;-155;F
Asus;6;9;3;0;-155;F
Asus;6;9;3;-1;-155;F
Asus;6;9;3;-2;-155;F
Asus;6;9;3;-3;-155;F
Asus;6;9;3;-4;-155;F
Asus;6;9;3;-5;-155;F
Asus;6;9;3;-6;-155;F
Asus;6;9;3;-7;-155;F
Asus;6;9;3;-8;-155;F
Asus;6;9;3;-9;-155;F
Asus;6;9;3;-10;-155;F
Asus;6;9;3;-11;-155;F
Asus;6;9;3;-12;-155;F
Asus;6;9;3;-13;-155;F
Asus;6;9;3;-14;-155;F
Asus;6;9;3;-15;-155;F
Asus;6;9;3;-16;-155;F
Asus;6;9;3;-17;-155;F
Asus;6;9;3;-18;-155;F
Asus;6;9;3;-19;-155;F
Asus;6;9;3;-20;-155;F
Asus;6;9;4;20;-155;S
Asus;6;9;4;19;-155;S
Asus;6;9;4;18;-155;S
Asus;6;9;4;17;-155;S
Asus;6;9;4;16;-155;S
Asus;6;9;4;15;-155;S
Asus;6;9;4;14;-155;S
Asus;6;9;4;13;-155;S
Asus;6;9;4;12;-155;S
Asus;6;9;4;11;-155;S
Asus;6;9;4;10;-155;S
Asus;6;9;4;9;-155;S
Asus;6;9;4;8;-155;F
Asus;6;9;4;7;-155;F
Asus;6;9;4;6;-155;F
Asus;6;9;4;5;-155;F
Asus;6;9;4;4;-155;F
Asus;6;9;4;3;-155;F
Asus;6;9;4;2;-155;F
Asus;6;9;4;1;-155;F
Asus;6;9;4;0;-155;F
Asus;6;9;4;-1;-155;F
Asus;6;9;4;-2;-155;F
Asus;6;9;4;-3;-155;F
Asus;6;9;4;-4;-155;F
Asus;6;9;4;-5;-155;F
Asus;6;9;4;-6;-155;F
Asus;6;9;4;-7;-155;F
Asus;6;9;4;-8;-155;F
Asus;6;9;4;-9;-155;F
Asus;6;9;4;-10;-155;F
Asus;6;9;4;-11;-155;F
Asus;6;9;4;-12;-155;F
Asus;6;9;4;-13;-155;F
Asus;6;9;4;-14;-155;F
Asus;6;9;4;-15;-155;F
Asus;6;9;4;-16;-155;F
Asus;6;9;4;-17;-155;F
Asus;6;9;4;-18;-155;F
Asus;6;9;4;-19;-155;F
Asus;6;9;4;-20;-155;F
Asus;6;9;5;20;-155;S
Asus;6;9;5;19;-155;S
Asus;6;9;5;18;-155;S
Asus;6;9;5;17;-155;S
Asus;6;9;5;16;-155;S
Asus;6;9;5;15;-155;S
Asus;6;9;5;14;-155;S
Asus;6;9;5;13;-155;S
Asus;6;9;5;12;-155;S
Asus;6;9;5;11;-155;S
Asus;6;9;5;10;-155;S
Asus;6;9;5;9;-155;S
Asus;6;9;5;8;-155;S
Asus;6;9;5;7;-155;F
Asus;6;9;5;6;-155;F
Asus;6;9;5;5;-155;F
Asus;6;9;5;4;-155;F
Asus;6;9;5;3;-155;F
Asus;6;9;5;2;-155;F
Asus;6;9;5;1;-155;F
Asus;6;9;5;0;-155;F
Asus;6;9;5;-1;-155;F
Asus;6;9;5;-2;-155;F
Asus;6;9;5;-3;-155;F
Asus;6;9;5;-4;-155;F
Asus;6;9;5;-5;-155;F
Asus;6;9;5;-6;-155;F
Asus;6;9;5;-7;-155;F
Asus;6;9;5;-8;-155;F
Asus;6;9;5;-9;-155;F
Asus;6;9;5;-10;-155;F
Asus;6;9;5;-11;-155;F
Asus;6;9;5;-12;-155;F
Asus;6;9;5;-13;-155;F
Asus;6;9;5;-14;-155;F
Asus;6;9;5;-15;-155;F
Asus;6;9;5;-16;-155;F
Asus;6;9;5;-17;-155;F
Asus;6;9;5;-18;-155;F
Asus;6;9;5;-19;-155;F
Asus;6;9;5;-20;-155;F
Asus;6;9;6;20;-155;S
Asus;6;9;6;19;-155;S
Asus;6;9;6;18;-155;S
Asus;6;9;6;17;-155;S
Asus;6;9;6;16;-155;S
Asus;6;9;6;15;-155;S
Asus;6;9;6;14;-155;S
Asus;6;9;6;13;-155;S
Asus;6;9;6;12;-155;S
Asus;6;9;6;11;-155;S
Asus;6;9;6;10;-155;S
Asus;6;9;6;9;-155;S
Asus;6;9;6;8;-155;S
Asus;6;9;6;7;-155;F
Asus;6;9;6;6;-155;F
Asus;6;9;6;5;-155;F
Asus;6;9;6;4;-155;F
Asus;6;9;6;3;-155;F
Asus;6;9;6;2;-155;F
Asus;6;9;6;1;-155;F
Asus;6;9;6;0;-155;F
Asus;6;9;6;-1;-155;F
Asus;6;9;6;-2;-155;F
Asus;6;9;6;-3;-155;F
Asus;6;9;6;-4;-155;F
Asus;6;9;6;-5;-155;F
Asus;6;9;6;-6;-155;F
Asus;6;9;6;-7;-155;F
Asus;6;9;6;-8;-155;F
Asus;6;9;6;-9;-155;F
Asus;6;9;6;-10;-155;F
Asus;6;9;6;-11;-155;F
Asus;6;9;6;-12;-155;F
Asus;6;9;6;-13;-155;F
Asus;6;9;6;-14;-155;F
Asus;6;9;6;-15;-155;F
Asus;6;9;6;-16;-155;F
Asus;6;9;6;-17;-155;F
Asus;6;9;6;-18;-155;F
Asus;6;9;6;-19;-155;F
Asus;6;9;6;-20;-155;F
Asus;6;9;7;20;-155;S
Asus;6;9;7;19;-155;S
Asus;6;9;7;18;-155;S
Asus;6;9;7;17;-155;S
Asus;6;9;7;16;-155;S
Asus;6;9;7;15;-155;S
Asus;6;9;7;14;-155;S
Asus;6;9;7;13;-155;S
Asus;6;9;7;12;-155;S
Asus;6;9;7;11;-155;S
Asus;6;9;7;10;-155;S
Asus;6;9;7;9;-155;S
Asus;6;9;7;8;-155;F
Asus;6;9;7;7;-155;F
Asus;6;9;7;6;-155;F
Asus;6;9;7;5;-155;F
Asus;6;9;7;4;-155;F
Asus;6;9;7;3;-155;F
Asus;6;9;7;2;-155;F
Asus;6;9;7;1;-155;F
Asus;6;9;7;0;-155;F
Asus;6;9;7;-1;-155;F
Asus;6;9;7;-2;-155;F
Asus;6;9;7;-3;-155;F
Asus;6;9;7;-4;-155;F
Asus;6;9;7;-5;-155;F
Asus;6;9;7;-6;-155;F
Asus;6;9;7;-7;-155;F
Asus;6;9;7;-8;-155;F
Asus;6;9;7;-9;-155;F
Asus;6;9;7;-10;-155;F
Asus;6;9;7;-11;-155;F
Asus;6;9;7;-12;-155;F
Asus;6;9;7;-13;-155;F
Asus;6;9;7;-14;-155;F
Asus;6;9;7;-15;-155;F
Asus;6;9;7;-16;-155;F
Asus;6;9;7;-17;-155;F
Asus;6;9;7;-18;-155;F
Asus;6;9;7;-19;-155;F
Asus;6;9;7;-20;-155;F
Asus;6;9;8;20;-155;S
Asus;6;9;8;19;-155;S
Asus;6;9;8;18;-155;S
Asus;6;9;8;17;-155;S
Asus;6;9;8;16;-155;S
Asus;6;9;8;15;-155;S
Asus;6;9;8;14;-155;S
Asus;6;9;8;13;-155;S
Asus;6;9;8;12;-155;S
Asus;6;9;8;11;-155;S
Asus;6;9;8;10;-155;S
Asus;6;9;8;9;-155;S
Asus;6;9;8;8;-155;F
Asus;6;9;8;7;-155;F
Asus;6;9;8;6;-155;F
Asus;6;9;8;5;-155;F
Asus;6;9;8;4;-155;F
Asus;6;9;8;3;-155;F
Asus;6;9;8;2;-155;F
Asus;6;9;8;1;-155;F
Asus;6;9;8;0;-155;F
Asus;6;9;8;-1;-155;F
Asus;6;9;8;-2;-155;F
Asus;6;9;8;-3;-155;F
Asus;6;9;8;-4;-155;F
Asus;6;9;8;-5;-155;F
Asus;6;9;8;-6;-155;F
Asus;6;9;8;-7;-155;F
Asus;6;9;8;-8;-155;F
Asus;6;9;8;-9;-155;F
Asus;6;9;8;-10;-155;F
Asus;6;9;8;-11;-155;F
Asus;6;9;8;-12;-155;F
Asus;6;9;8;-13;-155;F
Asus;6;9;8;-14;-155;F
Asus;6;9;8;-15;-155;F
Asus;6;9;8;-16;-155;F
Asus;6;9;8;-17;-155;F
Asus;6;9;8;-18;-155;F
Asus;6;9;8;-19;-155;F
Asus;6;9;8;-20;-155;F
Asus;6;9;9;20;-155;S
Asus;6;9;9;19;-155;S
Asus;6;9;9;18;-155;S
Asus;6;9;9;17;-155;S
Asus;6;9;9;16;-155;S
Asus;6;9;9;15;-155;S
Asus;6;9;9;14;-155;S
Asus;6;9;9;13;-155;S
Asus;6;9;9;12;-155;S
Asus;6;9;9;11;-155;S
Asus;6;9;9;10;-155;S
Asus;6;9;9;9;-155;S
Asus;6;9;9;8;-155;F
Asus;6;9;9;7;-155;F
Asus;6;9;9;6;-155;F
Asus;6;9;9;5;-155;F
Asus;6;9;9;4;-155;F
Asus;6;9;9;3;-155;F
Asus;6;9;9;2;-155;F
Asus;6;9;9;1;-155;F
Asus;6;9;9;0;-155;F
Asus;6;9;9;-1;-155;F
Asus;6;9;9;-2;-155;F
Asus;6;9;9;-3;-155;F
Asus;6;9;9;-4;-155;F
Asus;6;9;9;-5;-155;F
Asus;6;9;9;-6;-155;F
Asus;6;9;9;-7;-155;F
Asus;6;9;9;-8;-155;F
Asus;6;9;9;-9;-155;F
Asus;6;9;9;-10;-155;F
Asus;6;9;9;-11;-155;F
Asus;6;9;9;-12;-155;F
Asus;6;9;9;-13;-155;F
Asus;6;9;9;-14;-155;F
Asus;6;9;9;-15;-155;F
Asus;6;9;9;-16;-155;F
Asus;6;9;9;-17;-155;F
Asus;6;9;9;-18;-155;F
Asus;6;9;9;-19;-155;F
Asus;6;9;9;-20;-155;F
Asus;6;9;10;20;-155;S
Asus;6;9;10;19;-155;S
Asus;6;9;10;18;-155;S
Asus;6;9;10;17;-155;S
Asus;6;9;10;16;-155;S
Asus;6;9;10;15;-155;S
Asus;6;9;10;14;-155;S
Asus;6;9;10;13;-155;S
Asus;6;9;10;12;-155;S
Asus;6;9;10;11;-155;S
Asus;6;9;10;10;-155;S
Asus;6;9;10;9;-155;S
Asus;6;9;10;8;-155;F
Asus;6;9;10;7;-155;F
Asus;6;9;10;6;-155;F
Asus;6;9;10;5;-155;F
Asus;6;9;10;4;-155;F
Asus;6;9;10;3;-155;F
Asus;6;9;10;2;-155;F
Asus;6;9;10;1;-155;F
Asus;6;9;10;0;-155;F
Asus;6;9;10;-1;-155;F
Asus;6;9;10;-2;-155;F
Asus;6;9;10;-3;-155;F
Asus;6;9;10;-4;-155;F
Asus;6;9;10;-5;-155;F
Asus;6;9;10;-6;-155;F
Asus;6;9;10;-7;-155;F
Asus;6;9;10;-8;-155;F
Asus;6;9;10;-9;-155;F
Asus;6;9;10;-10;-155;F
Asus;6;9;10;-11;-155;F
Asus;6;9;10;-12;-155;F
Asus;6;9;10;-13;-155;F
Asus;6;9;10;-14;-155;F
Asus;6;9;10;-15;-155;F
Asus;6;9;10;-16;-155;F
Asus;6;9;10;-17;-155;F
Asus;6;9;10;-18;-155;F
Asus;6;9;10;-19;-155;F
Asus;6;9;10;-20;-155;F
Asus;6;9;11;20;-155;S
Asus;6;9;11;19;-155;S
Asus;6;9;11;18;-155;S
Asus;6;9;11;17;-155;S
Asus;6;9;11;16;-155;S
Asus;6;9;11;15;-155;S
Asus;6;9;11;14;-155;S
Asus;6;9;11;13;-155;F
Asus;6;9;11;12;-155;F
Asus;6;9;11;11;-155;S
Asus;6;9;11;10;-155;F
Asus;6;9;11;9;-155;F
Asus;6;9;11;8;-155;F
Asus;6;9;11;7;-155;F
Asus;6;9;11;6;-155;F
Asus;6;9;11;5;-155;F
Asus;6;9;11;4;-155;F
Asus;6;9;11;3;-155;F
Asus;6;9;11;2;-155;F
Asus;6;9;11;1;-155;F
Asus;6;9;11;0;-155;F
Asus;6;9;11;-1;-155;F
Asus;6;9;11;-2;-155;F
Asus;6;9;11;-3;-155;F
Asus;6;9;11;-4;-155;F
Asus;6;9;11;-5;-155;F
Asus;6;9;11;-6;-155;F
Asus;6;9;11;-7;-155;F
Asus;6;9;11;-8;-155;F
Asus;6;9;11;-9;-155;F
Asus;6;9;11;-10;-155;F
Asus;6;9;11;-11;-155;F
Asus;6;9;11;-12;-155;F
Asus;6;9;11;-13;-155;F
Asus;6;9;11;-14;-155;F
Asus;6;9;11;-15;-155;F
Asus;6;9;11;-16;-155;F
Asus;6;9;11;-17;-155;F
Asus;6;9;11;-18;-155;F
Asus;6;9;11;-19;-155;F
Asus;6;9;11;-20;-155;F
Asus;6;9;12;20;-155;F
Asus;6;9;12;19;-155;F
Asus;6;9;12;18;-155;F
Asus;6;9;12;17;-155;F
Asus;6;9;12;16;-155;F
Asus;6;9;12;15;-155;F
Asus;6;9;12;14;-155;F
Asus;6;9;12;13;-155;F
Asus;6;9;12;12;-155;F
Asus;6;9;12;11;-155;F
Asus;6;9;12;10;-155;F
Asus;6;9;12;9;-155;F
Asus;6;9;12;8;-155;F
Asus;6;9;12;7;-155;F
Asus;6;9;12;6;-155;F
Asus;6;9;12;5;-155;F
Asus;6;9;12;4;-155;F
Asus;6;9;12;3;-155;F
Asus;6;9;12;2;-155;F
Asus;6;9;12;1;-155;F
Asus;6;9;12;0;-155;F
Asus;6;9;12;-1;-155;F
Asus;6;9;12;-2;-155;F
Asus;6;9;12;-3;-155;F
Asus;6;9;12;-4;-155;F
Asus;6;9;12;-5;-155;F
Asus;6;9;12;-6;-155;F
Asus;6;9;12;-7;-155;F
Asus;6;9;12;-8;-155;F
Asus;6;9;12;-9;-155;F
Asus;6;9;12;-10;-155;F
Asus;6;9;12;-11;-155;F
Asus;6;9;12;-12;-155;F
Asus;6;9;12;-13;-155;F
Asus;6;9;12;-14;-155;F
Asus;6;9;12;-15;-155;F
Asus;6;9;12;-16;-155;F
Asus;6;9;12;-17;-155;F
Asus;6;9;12;-18;-155;F
Asus;6;9;12;-19;-155;F
Asus;6;9;12;-20;-155;F
Asus;6;9;13;20;-155;F
Asus;6;9;13;19;-155;F
Asus;6;9;13;18;-155;F
Asus;6;9;13;17;-155;F
Asus;6;9;13;16;-155;F
Asus;6;9;13;15;-155;F
Asus;6;9;13;14;-155;F
Asus;6;9;13;13;-155;F
Asus;6;9;13;12;-155;F
Asus;6;9;13;11;-155;F
Asus;6;9;13;10;-155;F
Asus;6;9;13;9;-155;F
Asus;6;9;13;8;-155;F
Asus;6;9;13;7;-155;F
Asus;6;9;13;6;-155;F
Asus;6;9;13;5;-155;F
Asus;6;9;13;4;-155;F
Asus;6;9;13;3;-155;F
Asus;6;9;13;2;-155;F
Asus;6;9;13;1;-155;F
Asus;6;9;13;0;-155;F
Asus;6;9;13;-1;-155;F
Asus;6;9;13;-2;-155;F
Asus;6;9;13;-3;-155;F
Asus;6;9;13;-4;-155;F
Asus;6;9;13;-5;-155;F
Asus;6;9;13;-6;-155;F
Asus;6;9;13;-7;-155;F
Asus;6;9;13;-8;-155;F
Asus;6;9;13;-9;-155;F
Asus;6;9;13;-10;-155;F
Asus;6;9;13;-11;-155;F
Asus;6;9;13;-12;-155;F
Asus;6;9;13;-13;-155;F
Asus;6;9;13;-14;-155;F
Asus;6;9;13;-15;-155;F
Asus;6;9;13;-16;-155;F
Asus;6;9;13;-17;-155;F
Asus;6;9;13;-18;-155;F
Asus;6;9;13;-19;-155;F
Asus;6;9;13;-20;-155;F
Asus;6;9;14;20;-155;F
Asus;6;9;14;19;-155;F
Asus;6;9;14;18;-155;F
Asus;6;9;14;17;-155;F
Asus;6;9;14;16;-155;F
Asus;6;9;14;15;-155;F
Asus;6;9;14;14;-155;F
Asus;6;9;14;13;-155;F
Asus;6;9;14;12;-155;F
Asus;6;9;14;11;-155;F
Asus;6;9;14;10;-155;F
Asus;6;9;14;9;-155;F
Asus;6;9;14;8;-155;F
Asus;6;9;14;7;-155;F
Asus;6;9;14;6;-155;F
Asus;6;9;14;5;-155;F
Asus;6;9;14;4;-155;F
Asus;6;9;14;3;-155;F
Asus;6;9;14;2;-155;F
Asus;6;9;14;1;-155;F
Asus;6;9;14;0;-155;F
Asus;6;9;14;-1;-155;F
Asus;6;9;14;-2;-155;F
Asus;6;9;14;-3;-155;F
Asus;6;9;14;-4;-155;F
Asus;6;9;14;-5;-155;F
Asus;6;9;14;-6;-155;F
Asus;6;9;14;-7;-155;F
Asus;6;9;14;-8;-155;F
Asus;6;9;14;-9;-155;F
Asus;6;9;14;-10;-155;F
Asus;6;9;14;-11;-155;F
Asus;6;9;14;-12;-155;F
Asus;6;9;14;-13;-155;F
Asus;6;9;14;-14;-155;F
Asus;6;9;14;-15;-155;F
Asus;6;9;14;-16;-155;F
Asus;6;9;14;-17;-155;F
Asus;6;9;14;-18;-155;F
Asus;6;9;14;-19;-155;F
Asus;6;9;14;-20;-155;F
Asus;6;9;15;20;-155;F
Asus;6;9;15;19;-155;F
Asus;6;9;15;18;-155;F
Asus;6;9;15;17;-155;F
Asus;6;9;15;16;-155;F
Asus;6;9;15;15;-155;F
Asus;6;9;15;14;-155;F
Asus;6;9;15;13;-155;F
Asus;6;9;15;12;-155;F
Asus;6;9;15;11;-155;F
Asus;6;9;15;10;-155;F
Asus;6;9;15;9;-155;F
Asus;6;9;15;8;-155;F
Asus;6;9;15;7;-155;F
Asus;6;9;15;6;-155;F
Asus;6;9;15;5;-155;F
Asus;6;9;15;4;-155;F
Asus;6;9;15;3;-155;F
Asus;6;9;15;2;-155;F
Asus;6;9;15;1;-155;F
Asus;6;9;15;0;-155;F
Asus;6;9;15;-1;-155;F
Asus;6;9;15;-2;-155;F
Asus;6;9;15;-3;-155;F
Asus;6;9;15;-4;-155;F
Asus;6;9;15;-5;-155;F
Asus;6;9;15;-6;-155;F
Asus;6;9;15;-7;-155;F
Asus;6;9;15;-8;-155;F
Asus;6;9;15;-9;-155;F
Asus;6;9;15;-10;-155;F
Asus;6;9;15;-11;-155;F
Asus;6;9;15;-12;-155;F
Asus;6;9;15;-13;-155;F
Asus;6;9;15;-14;-155;F
Asus;6;9;15;-15;-155;F
Asus;6;9;15;-16;-155;F
Asus;6;9;15;-17;-155;F
Asus;6;9;15;-18;-155;F
Asus;6;9;15;-19;-155;F
Asus;6;9;15;-20;-155;F
Asus;6;9;16;20;-155;F
Asus;6;9;16;19;-155;F
Asus;6;9;16;18;-155;F
Asus;6;9;16;17;-155;F
Asus;6;9;16;16;-155;F
Asus;6;9;16;15;-155;F
Asus;6;9;16;14;-155;F
Asus;6;9;16;13;-155;F
Asus;6;9;16;12;-155;F
Asus;6;9;16;11;-155;F
Asus;6;9;16;10;-155;F
Asus;6;9;16;9;-155;F
Asus;6;9;16;8;-155;F
Asus;6;9;16;7;-155;F
Asus;6;9;16;6;-155;F
Asus;6;9;16;5;-155;F
Asus;6;9;16;4;-155;F
Asus;6;9;16;3;-155;F
Asus;6;9;16;2;-155;F
Asus;6;9;16;1;-155;F
Asus;6;9;16;0;-155;F
Asus;6;9;16;-1;-155;F
Asus;6;9;16;-2;-155;F
Asus;6;9;16;-3;-155;F
Asus;6;9;16;-4;-155;F
Asus;6;9;16;-5;-155;F
Asus;6;9;16;-6;-155;F
Asus;6;9;16;-7;-155;F
Asus;6;9;16;-8;-155;F
Asus;6;9;16;-9;-155;F
Asus;6;9;16;-10;-155;F
Asus;6;9;16;-11;-155;F
Asus;6;9;16;-12;-155;F
Asus;6;9;16;-13;-155;F
Asus;6;9;16;-14;-155;F
Asus;6;9;16;-15;-155;F
Asus;6;9;16;-16;-155;F
Asus;6;9;16;-17;-155;F
Asus;6;9;16;-18;-155;F
Asus;6;9;16;-19;-155;F
Asus;6;9;16;-20;-155;F
Asus;6;9;17;20;-155;F
Asus;6;9;17;19;-155;F
Asus;6;9;17;18;-155;F
Asus;6;9;17;17;-155;F
Asus;6;9;17;16;-155;F
Asus;6;9;17;15;-155;F
Asus;6;9;17;14;-155;F
Asus;6;9;17;13;-155;F
Asus;6;9;17;12;-155;F
Asus;6;9;17;11;-155;F
Asus;6;9;17;10;-155;F
Asus;6;9;17;9;-155;F
Asus;6;9;17;8;-155;F
Asus;6;9;17;7;-155;F
Asus;6;9;17;6;-155;F
Asus;6;9;17;5;-155;F
Asus;6;9;17;4;-155;F
Asus;6;9;17;3;-155;F
Asus;6;9;17;2;-155;F
Asus;6;9;17;1;-155;F
Asus;6;9;17;0;-155;F
Asus;6;9;17;-1;-155;F
Asus;6;9;17;-2;-155;F
Asus;6;9;17;-3;-155;F
Asus;6;9;17;-4;-155;F
Asus;6;9;17;-5;-155;F
Asus;6;9;17;-6;-155;F
Asus;6;9;17;-7;-155;F
Asus;6;9;17;-8;-155;F
Asus;6;9;17;-9;-155;F
Asus;6;9;17;-10;-155;F
Asus;6;9;17;-11;-155;F
Asus;6;9;17;-12;-155;F
Asus;6;9;17;-13;-155;F
Asus;6;9;17;-14;-155;F
Asus;6;9;17;-15;-155;F
Asus;6;9;17;-16;-155;F
Asus;6;9;17;-17;-155;F
Asus;6;9;17;-18;-155;F
Asus;6;9;17;-19;-155;F
Asus;6;9;17;-20;-155;F
Asus;6;9;18;20;-155;F
Asus;6;9;18;19;-155;F
Asus;6;9;18;18;-155;F
Asus;6;9;18;17;-155;F
Asus;6;9;18;16;-155;F
Asus;6;9;18;15;-155;F
Asus;6;9;18;14;-155;F
Asus;6;9;18;13;-155;F
Asus;6;9;18;12;-155;F
Asus;6;9;18;11;-155;F
Asus;6;9;18;10;-155;F
Asus;6;9;18;9;-155;F
Asus;6;9;18;8;-155;F
Asus;6;9;18;7;-155;F
Asus;6;9;18;6;-155;F
Asus;6;9;18;5;-155;F
Asus;6;9;18;4;-155;F
Asus;6;9;18;3;-155;F
Asus;6;9;18;2;-155;F
Asus;6;9;18;1;-155;F
Asus;6;9;18;0;-155;F
Asus;6;9;18;-1;-155;F
Asus;6;9;18;-2;-155;F
Asus;6;9;18;-3;-155;F
Asus;6;9;18;-4;-155;F
Asus;6;9;18;-5;-155;F
Asus;6;9;18;-6;-155;F
Asus;6;9;18;-7;-155;F
Asus;6;9;18;-8;-155;F
Asus;6;9;18;-9;-155;F
Asus;6;9;18;-10;-155;F
Asus;6;9;18;-11;-155;F
Asus;6;9;18;-12;-155;F
Asus;6;9;18;-13;-155;F
Asus;6;9;18;-14;-155;F
Asus;6;9;18;-15;-155;F
Asus;6;9;18;-16;-155;F
Asus;6;9;18;-17;-155;F
Asus;6;9;18;-18;-155;F
Asus;6;9;18;-19;-155;F
Asus;6;9;18;-20;-155;F
Asus;6;9;19;20;-155;F
Asus;6;9;19;19;-155;F
Asus;6;9;19;18;-155;F
Asus;6;9;19;17;-155;F
Asus;6;9;19;16;-155;F
Asus;6;9;19;15;-155;F
Asus;6;9;19;14;-155;F
Asus;6;9;19;13;-155;F
Asus;6;9;19;12;-155;F
Asus;6;9;19;11;-155;F
Asus;6;9;19;10;-155;F
Asus;6;9;19;9;-155;F
Asus;6;9;19;8;-155;F
Asus;6;9;19;7;-155;F
Asus;6;9;19;6;-155;F
Asus;6;9;19;5;-155;F
Asus;6;9;19;4;-155;F
Asus;6;9;19;3;-155;F
Asus;6;9;19;2;-155;F
Asus;6;9;19;1;-155;F
Asus;6;9;19;0;-155;F
Asus;6;9;19;-1;-155;F
Asus;6;9;19;-2;-155;F
Asus;6;9;19;-3;-155;F
Asus;6;9;19;-4;-155;F
Asus;6;9;19;-5;-155;F
Asus;6;9;19;-6;-155;F
Asus;6;9;19;-7;-155;F
Asus;6;9;19;-8;-155;F
Asus;6;9;19;-9;-155;F
Asus;6;9;19;-10;-155;F
Asus;6;9;19;-11;-155;F
Asus;6;9;19;-12;-155;F
Asus;6;9;19;-13;-155;F
Asus;6;9;19;-14;-155;F
Asus;6;9;19;-15;-155;F
Asus;6;9;19;-16;-155;F
Asus;6;9;19;-17;-155;F
Asus;6;9;19;-18;-155;F
Asus;6;9;19;-19;-155;F
Asus;6;9;19;-20;-155;F
Asus;6;9;20;20;-155;F
Asus;6;9;20;19;-155;F
Asus;6;9;20;18;-155;F
Asus;6;9;20;17;-155;F
Asus;6;9;20;16;-155;F
Asus;6;9;20;15;-155;F
Asus;6;9;20;14;-155;F
Asus;6;9;20;13;-155;F
Asus;6;9;20;12;-155;F
Asus;6;9;20;11;-155;F
Asus;6;9;20;10;-155;F
Asus;6;9;20;9;-155;F
Asus;6;9;20;8;-155;F
Asus;6;9;20;7;-155;F
Asus;6;9;20;6;-155;F
Asus;6;9;20;5;-155;F
Asus;6;9;20;4;-155;F
Asus;6;9;20;3;-155;F
Asus;6;9;20;2;-155;F
Asus;6;9;20;1;-155;F
Asus;6;9;20;0;-155;F
Asus;6;9;20;-1;-155;F
Asus;6;9;20;-2;-155;F
Asus;6;9;20;-3;-155;F
Asus;6;9;20;-4;-155;F
Asus;6;9;20;-5;-155;F
Asus;6;9;20;-6;-155;F
Asus;6;9;20;-7;-155;F
Asus;6;9;20;-8;-155;F
Asus;6;9;20;-9;-155;F
Asus;6;9;20;-10;-155;F
Asus;6;9;20;-11;-155;F
Asus;6;9;20;-12;-155;F
Asus;6;9;20;-13;-155;F
Asus;6;9;20;-14;-155;F
Asus;6;9;20;-15;-155;F
Asus;6;9;20;-16;-155;F
Asus;6;9;20;-17;-155;F
Asus;6;9;20;-18;-155;F
Asus;6;9;20;-19;-155;F
Asus;6;9;20;-20;-155;F
Asus;6;9;21;20;-155;F
Asus;6;9;21;19;-155;F
Asus;6;9;21;18;-155;F
Asus;6;9;21;17;-155;F
Asus;6;9;21;16;-155;F
Asus;6;9;21;15;-155;F
Asus;6;9;21;14;-155;F
Asus;6;9;21;13;-155;F
Asus;6;9;21;12;-155;F
Asus;6;9;21;11;-155;F
Asus;6;9;21;10;-155;F
Asus;6;9;21;9;-155;F
Asus;6;9;21;8;-155;F
Asus;6;9;21;7;-155;F
Asus;6;9;21;6;-155;F
Asus;6;9;21;5;-155;F
Asus;6;9;21;4;-155;F
Asus;6;9;21;3;-155;F
Asus;6;9;21;2;-155;F
Asus;6;9;21;1;-155;F
Asus;6;9;21;0;-155;F
Asus;6;9;21;-1;-155;F
Asus;6;9;21;-2;-155;F
Asus;6;9;21;-3;-155;F
Asus;6;9;21;-4;-155;F
Asus;6;9;21;-5;-155;F
Asus;6;9;21;-6;-155;F
Asus;6;9;21;-7;-155;F
Asus;6;9;21;-8;-155;F
Asus;6;9;21;-9;-155;F
Asus;6;9;21;-10;-155;F
Asus;6;9;21;-11;-155;F
Asus;6;9;21;-12;-155;F
Asus;6;9;21;-13;-155;F
Asus;6;9;21;-14;-155;F
Asus;6;9;21;-15;-155;F
Asus;6;9;21;-16;-155;F
Asus;6;9;21;-17;-155;F
Asus;6;9;21;-18;-155;F
Asus;6;9;21;-19;-155;F
Asus;6;9;21;-20;-155;F
Asus;6;9;22;20;-155;F
Asus;6;9;22;19;-155;F
Asus;6;9;22;18;-155;F
Asus;6;9;22;17;-155;F
Asus;6;9;22;16;-155;F
Asus;6;9;22;15;-155;F
Asus;6;9;22;14;-155;F
Asus;6;9;22;13;-155;F
Asus;6;9;22;12;-155;F
Asus;6;9;22;11;-155;F
Asus;6;9;22;10;-155;F
Asus;6;9;22;9;-155;F
Asus;6;9;22;8;-155;F
Asus;6;9;22;7;-155;F
Asus;6;9;22;6;-155;F
Asus;6;9;22;5;-155;F
Asus;6;9;22;4;-155;F
Asus;6;9;22;3;-155;F
Asus;6;9;22;2;-155;F
Asus;6;9;22;1;-155;F
Asus;6;9;22;0;-155;F
Asus;6;9;22;-1;-155;F
Asus;6;9;22;-2;-155;F
Asus;6;9;22;-3;-155;F
Asus;6;9;22;-4;-155;F
Asus;6;9;22;-5;-155;F
Asus;6;9;22;-6;-155;F
Asus;6;9;22;-7;-155;F
Asus;6;9;22;-8;-155;F
Asus;6;9;22;-9;-155;F
Asus;6;9;22;-10;-155;F
Asus;6;9;22;-11;-155;F
Asus;6;9;22;-12;-155;F
Asus;6;9;22;-13;-155;F
Asus;6;9;22;-14;-155;F
Asus;6;9;22;-15;-155;F
Asus;6;9;22;-16;-155;F
Asus;6;9;22;-17;-155;F
Asus;6;9;22;-18;-155;F
Asus;6;9;22;-19;-155;F
Asus;6;9;22;-20;-155;F
Asus;6;9;23;20;-155;F
Asus;6;9;23;19;-155;F
Asus;6;9;23;18;-155;F
Asus;6;9;23;17;-155;F
Asus;6;9;23;16;-155;F
Asus;6;9;23;15;-155;F
Asus;6;9;23;14;-155;F
Asus;6;9;23;13;-155;F
Asus;6;9;23;12;-155;F
Asus;6;9;23;11;-155;F
Asus;6;9;23;10;-155;F
Asus;6;9;23;9;-155;F
Asus;6;9;23;8;-155;F
Asus;6;9;23;7;-155;F
Asus;6;9;23;6;-155;F
Asus;6;9;23;5;-155;F
Asus;6;9;23;4;-155;F
Asus;6;9;23;3;-155;F
Asus;6;9;23;2;-155;F
Asus;6;9;23;1;-155;F
Asus;6;9;23;0;-155;F
Asus;6;9;23;-1;-155;F
Asus;6;9;23;-2;-155;F
Asus;6;9;23;-3;-155;F
Asus;6;9;23;-4;-155;F
Asus;6;9;23;-5;-155;F
Asus;6;9;23;-6;-155;F
Asus;6;9;23;-7;-155;F
Asus;6;9;23;-8;-155;F
Asus;6;9;23;-9;-155;F
Asus;6;9;23;-10;-155;F
Asus;6;9;23;-11;-155;F
Asus;6;9;23;-12;-155;F
Asus;6;9;23;-13;-155;F
Asus;6;9;23;-14;-155;F
Asus;6;9;23;-15;-155;F
Asus;6;9;23;-16;-155;F
Asus;6;9;23;-17;-155;F
Asus;6;9;23;-18;-155;F
Asus;6;9;23;-19;-155;F
Asus;6;9;23;-20;-155;F
Asus;6;9;24;20;-155;F
Asus;6;9;24;19;-155;F
Asus;6;9;24;18;-155;F
Asus;6;9;24;17;-155;F
Asus;6;9;24;16;-155;F
Asus;6;9;24;15;-155;F
Asus;6;9;24;14;-155;F
Asus;6;9;24;13;-155;F
Asus;6;9;24;12;-155;F
Asus;6;9;24;11;-155;F
Asus;6;9;24;10;-155;F
Asus;6;9;24;9;-155;F
Asus;6;9;24;8;-155;F
Asus;6;9;24;7;-155;F
Asus;6;9;24;6;-155;F
Asus;6;9;24;5;-155;F
Asus;6;9;24;4;-155;F
Asus;6;9;24;3;-155;F
Asus;6;9;24;2;-155;F
Asus;6;9;24;1;-155;F
Asus;6;9;24;0;-155;F
Asus;6;9;24;-1;-155;F
Asus;6;9;24;-2;-155;F
Asus;6;9;24;-3;-155;F
Asus;6;9;24;-4;-155;F
Asus;6;9;24;-5;-155;F
Asus;6;9;24;-6;-155;F
Asus;6;9;24;-7;-155;F
Asus;6;9;24;-8;-155;F
Asus;6;9;24;-9;-155;F
Asus;6;9;24;-10;-155;F
Asus;6;9;24;-11;-155;F
Asus;6;9;24;-12;-155;F
Asus;6;9;24;-13;-155;F
Asus;6;9;24;-14;-155;F
Asus;6;9;24;-15;-155;F
Asus;6;9;24;-16;-155;F
Asus;6;9;24;-17;-155;F
Asus;6;9;24;-18;-155;F
Asus;6;9;24;-19;-155;F
Asus;6;9;24;-20;-155;F
Asus;6;9;25;20;-155;F
Asus;6;9;25;19;-155;F
Asus;6;9;25;18;-155;F
Asus;6;9;25;17;-155;F
Asus;6;9;25;16;-155;F
Asus;6;9;25;15;-155;F
Asus;6;9;25;14;-155;F
Asus;6;9;25;13;-155;F
Asus;6;9;25;12;-155;F
Asus;6;9;25;11;-155;F
Asus;6;9;25;10;-155;F
Asus;6;9;25;9;-155;F
Asus;6;9;25;8;-155;F
Asus;6;9;25;7;-155;F
Asus;6;9;25;6;-155;F
Asus;6;9;25;5;-155;F
Asus;6;9;25;4;-155;F
Asus;6;9;25;3;-155;F
Asus;6;9;25;2;-155;F
Asus;6;9;25;1;-155;F
Asus;6;9;25;0;-155;F
Asus;6;9;25;-1;-155;F
Asus;6;9;25;-2;-155;F
Asus;6;9;25;-3;-155;F
Asus;6;9;25;-4;-155;F
Asus;6;9;25;-5;-155;F
Asus;6;9;25;-6;-155;F
Asus;6;9;25;-7;-155;F
Asus;6;9;25;-8;-155;F
Asus;6;9;25;-9;-155;F
Asus;6;9;25;-10;-155;F
Asus;6;9;25;-11;-155;F
Asus;6;9;25;-12;-155;F
Asus;6;9;25;-13;-155;F
Asus;6;9;25;-14;-155;F
Asus;6;9;25;-15;-155;F
Asus;6;9;25;-16;-155;F
Asus;6;9;25;-17;-155;F
Asus;6;9;25;-18;-155;F
Asus;6;9;25;-19;-155;F
Asus;6;9;25;-20;-155;F
