Asus;6;x;-33;20;-155;F
Asus;6;x;-33;19;-155;F
Asus;6;x;-33;18;-155;F
Asus;6;x;-33;17;-155;F
Asus;6;x;-33;16;-155;F
Asus;6;x;-33;15;-155;F
Asus;6;x;-33;14;-155;F
Asus;6;x;-33;13;-155;F
Asus;6;x;-33;12;-155;F
Asus;6;x;-33;11;-155;F
Asus;6;x;-33;10;-155;F
Asus;6;x;-33;9;-155;F
Asus;6;x;-33;8;-155;F
Asus;6;x;-33;7;-155;F
Asus;6;x;-33;6;-155;F
Asus;6;x;-33;5;-155;F
Asus;6;x;-33;4;-155;F
Asus;6;x;-33;3;-155;F
Asus;6;x;-33;2;-155;F
Asus;6;x;-33;1;-155;F
Asus;6;x;-33;0;-155;F
Asus;6;x;-33;-1;-155;F
Asus;6;x;-33;-2;-155;F
Asus;6;x;-33;-3;-155;F
Asus;6;x;-33;-4;-155;F
Asus;6;x;-33;-5;-155;F
Asus;6;x;-33;-6;-155;F
Asus;6;x;-33;-7;-155;F
Asus;6;x;-33;-8;-155;F
Asus;6;x;-33;-9;-155;F
Asus;6;x;-33;-10;-155;F
Asus;6;x;-33;-11;-155;F
Asus;6;x;-33;-12;-155;F
Asus;6;x;-33;-13;-155;F
Asus;6;x;-33;-14;-155;F
Asus;6;x;-33;-15;-155;F
Asus;6;x;-33;-16;-155;F
Asus;6;x;-33;-17;-155;F
Asus;6;x;-33;-18;-155;F
Asus;6;x;-33;-19;-155;F
Asus;6;x;-33;-20;-155;F
Asus;6;x;-32;20;-155;F
Asus;6;x;-32;19;-155;F
Asus;6;x;-32;18;-155;F
Asus;6;x;-32;17;-155;F
Asus;6;x;-32;16;-155;F
Asus;6;x;-32;15;-155;F
Asus;6;x;-32;14;-155;F
Asus;6;x;-32;13;-155;F
Asus;6;x;-32;12;-155;F
Asus;6;x;-32;11;-155;F
Asus;6;x;-32;10;-155;F
Asus;6;x;-32;9;-155;F
Asus;6;x;-32;8;-155;F
Asus;6;x;-32;7;-155;F
Asus;6;x;-32;6;-155;F
Asus;6;x;-32;5;-155;F
Asus;6;x;-32;4;-155;F
Asus;6;x;-32;3;-155;F
Asus;6;x;-32;2;-155;F
Asus;6;x;-32;1;-155;F
Asus;6;x;-32;0;-155;F
Asus;6;x;-32;-1;-155;F
Asus;6;x;-32;-2;-155;F
Asus;6;x;-32;-3;-155;F
Asus;6;x;-32;-4;-155;F
Asus;6;x;-32;-5;-155;F
Asus;6;x;-32;-6;-155;F
Asus;6;x;-32;-7;-155;F
Asus;6;x;-32;-8;-155;F
Asus;6;x;-32;-9;-155;F
Asus;6;x;-32;-10;-155;F
Asus;6;x;-32;-11;-155;F
Asus;6;x;-32;-12;-155;F
Asus;6;x;-32;-13;-155;F
Asus;6;x;-32;-14;-155;F
Asus;6;x;-32;-15;-155;F
Asus;6;x;-32;-16;-155;F
Asus;6;x;-32;-17;-155;F
Asus;6;x;-32;-18;-155;F
Asus;6;x;-32;-19;-155;F
Asus;6;x;-32;-20;-155;F
Asus;6;x;-31;20;-155;F
Asus;6;x;-31;19;-155;F
Asus;6;x;-31;18;-155;F
Asus;6;x;-31;17;-155;F
Asus;6;x;-31;16;-155;F
Asus;6;x;-31;15;-155;F
Asus;6;x;-31;14;-155;F
Asus;6;x;-31;13;-155;F
Asus;6;x;-31;12;-155;F
Asus;6;x;-31;11;-155;F
Asus;6;x;-31;10;-155;F
Asus;6;x;-31;9;-155;F
Asus;6;x;-31;8;-155;F
Asus;6;x;-31;7;-155;F
Asus;6;x;-31;6;-155;F
Asus;6;x;-31;5;-155;F
Asus;6;x;-31;4;-155;F
Asus;6;x;-31;3;-155;F
Asus;6;x;-31;2;-155;F
Asus;6;x;-31;1;-155;F
Asus;6;x;-31;0;-155;F
Asus;6;x;-31;-1;-155;F
Asus;6;x;-31;-2;-155;F
Asus;6;x;-31;-3;-155;F
Asus;6;x;-31;-4;-155;F
Asus;6;x;-31;-5;-155;F
Asus;6;x;-31;-6;-155;F
Asus;6;x;-31;-7;-155;F
Asus;6;x;-31;-8;-155;F
Asus;6;x;-31;-9;-155;F
Asus;6;x;-31;-10;-155;F
Asus;6;x;-31;-11;-155;F
Asus;6;x;-31;-12;-155;F
Asus;6;x;-31;-13;-155;F
Asus;6;x;-31;-14;-155;F
Asus;6;x;-31;-15;-155;F
Asus;6;x;-31;-16;-155;F
Asus;6;x;-31;-17;-155;F
Asus;6;x;-31;-18;-155;F
Asus;6;x;-31;-19;-155;F
Asus;6;x;-31;-20;-155;F
Asus;6;x;-30;20;-155;F
Asus;6;x;-30;19;-155;F
Asus;6;x;-30;18;-155;F
Asus;6;x;-30;17;-155;F
Asus;6;x;-30;16;-155;F
Asus;6;x;-30;15;-155;F
Asus;6;x;-30;14;-155;F
Asus;6;x;-30;13;-155;F
Asus;6;x;-30;12;-155;F
Asus;6;x;-30;11;-155;F
Asus;6;x;-30;10;-155;F
Asus;6;x;-30;9;-155;F
Asus;6;x;-30;8;-155;F
Asus;6;x;-30;7;-155;F
Asus;6;x;-30;6;-155;F
Asus;6;x;-30;5;-155;F
Asus;6;x;-30;4;-155;F
Asus;6;x;-30;3;-155;F
Asus;6;x;-30;2;-155;F
Asus;6;x;-30;1;-155;F
Asus;6;x;-30;0;-155;F
Asus;6;x;-30;-1;-155;F
Asus;6;x;-30;-2;-155;F
Asus;6;x;-30;-3;-155;F
Asus;6;x;-30;-4;-155;F
Asus;6;x;-30;-5;-155;F
Asus;6;x;-30;-6;-155;F
Asus;6;x;-30;-7;-155;F
Asus;6;x;-30;-8;-155;F
Asus;6;x;-30;-9;-155;F
Asus;6;x;-30;-10;-155;F
Asus;6;x;-30;-11;-155;F
Asus;6;x;-30;-12;-155;F
Asus;6;x;-30;-13;-155;F
Asus;6;x;-30;-14;-155;F
Asus;6;x;-30;-15;-155;F
Asus;6;x;-30;-16;-155;F
Asus;6;x;-30;-17;-155;F
Asus;6;x;-30;-18;-155;F
Asus;6;x;-30;-19;-155;F
Asus;6;x;-30;-20;-155;F
Asus;6;x;-29;20;-155;F
Asus;6;x;-29;19;-155;F
Asus;6;x;-29;18;-155;F
Asus;6;x;-29;17;-155;F
Asus;6;x;-29;16;-155;F
Asus;6;x;-29;15;-155;F
Asus;6;x;-29;14;-155;F
Asus;6;x;-29;13;-155;F
Asus;6;x;-29;12;-155;F
Asus;6;x;-29;11;-155;F
Asus;6;x;-29;10;-155;F
Asus;6;x;-29;9;-155;F
Asus;6;x;-29;8;-155;F
Asus;6;x;-29;7;-155;F
Asus;6;x;-29;6;-155;F
Asus;6;x;-29;5;-155;F
Asus;6;x;-29;4;-155;F
Asus;6;x;-29;3;-155;F
Asus;6;x;-29;2;-155;F
Asus;6;x;-29;1;-155;F
Asus;6;x;-29;0;-155;F
Asus;6;x;-29;-1;-155;F
Asus;6;x;-29;-2;-155;F
Asus;6;x;-29;-3;-155;F
Asus;6;x;-29;-4;-155;F
Asus;6;x;-29;-5;-155;F
Asus;6;x;-29;-6;-155;F
Asus;6;x;-29;-7;-155;F
Asus;6;x;-29;-8;-155;F
Asus;6;x;-29;-9;-155;F
Asus;6;x;-29;-10;-155;F
Asus;6;x;-29;-11;-155;F
Asus;6;x;-29;-12;-155;F
Asus;6;x;-29;-13;-155;F
Asus;6;x;-29;-14;-155;F
Asus;6;x;-29;-15;-155;F
Asus;6;x;-29;-16;-155;F
Asus;6;x;-29;-17;-155;F
Asus;6;x;-29;-18;-155;F
Asus;6;x;-29;-19;-155;F
Asus;6;x;-29;-20;-155;F
Asus;6;x;-28;20;-155;F
Asus;6;x;-28;19;-155;F
Asus;6;x;-28;18;-155;F
Asus;6;x;-28;17;-155;F
Asus;6;x;-28;16;-155;F
Asus;6;x;-28;15;-155;F
Asus;6;x;-28;14;-155;F
Asus;6;x;-28;13;-155;F
Asus;6;x;-28;12;-155;F
Asus;6;x;-28;11;-155;F
Asus;6;x;-28;10;-155;F
Asus;6;x;-28;9;-155;F
Asus;6;x;-28;8;-155;F
Asus;6;x;-28;7;-155;F
Asus;6;x;-28;6;-155;F
Asus;6;x;-28;5;-155;F
Asus;6;x;-28;4;-155;F
Asus;6;x;-28;3;-155;F
Asus;6;x;-28;2;-155;F
Asus;6;x;-28;1;-155;F
Asus;6;x;-28;0;-155;F
Asus;6;x;-28;-1;-155;F
Asus;6;x;-28;-2;-155;F
Asus;6;x;-28;-3;-155;F
Asus;6;x;-28;-4;-155;F
Asus;6;x;-28;-5;-155;F
Asus;6;x;-28;-6;-155;F
Asus;6;x;-28;-7;-155;F
Asus;6;x;-28;-8;-155;F
Asus;6;x;-28;-9;-155;F
Asus;6;x;-28;-10;-155;F
Asus;6;x;-28;-11;-155;F
Asus;6;x;-28;-12;-155;F
Asus;6;x;-28;-13;-155;F
Asus;6;x;-28;-14;-155;F
Asus;6;x;-28;-15;-155;F
Asus;6;x;-28;-16;-155;F
Asus;6;x;-28;-17;-155;F
Asus;6;x;-28;-18;-155;F
Asus;6;x;-28;-19;-155;F
Asus;6;x;-28;-20;-155;F
Asus;6;x;-27;20;-155;F
Asus;6;x;-27;19;-155;F
Asus;6;x;-27;18;-155;F
Asus;6;x;-27;17;-155;F
Asus;6;x;-27;16;-155;F
Asus;6;x;-27;15;-155;F
Asus;6;x;-27;14;-155;F
Asus;6;x;-27;13;-155;F
Asus;6;x;-27;12;-155;F
Asus;6;x;-27;11;-155;F
Asus;6;x;-27;10;-155;F
Asus;6;x;-27;9;-155;F
Asus;6;x;-27;8;-155;F
Asus;6;x;-27;7;-155;F
Asus;6;x;-27;6;-155;F
Asus;6;x;-27;5;-155;F
Asus;6;x;-27;4;-155;F
Asus;6;x;-27;3;-155;F
Asus;6;x;-27;2;-155;F
Asus;6;x;-27;1;-155;F
Asus;6;x;-27;0;-155;F
Asus;6;x;-27;-1;-155;F
Asus;6;x;-27;-2;-155;F
Asus;6;x;-27;-3;-155;F
Asus;6;x;-27;-4;-155;F
Asus;6;x;-27;-5;-155;F
Asus;6;x;-27;-6;-155;F
Asus;6;x;-27;-7;-155;F
Asus;6;x;-27;-8;-155;F
Asus;6;x;-27;-9;-155;F
Asus;6;x;-27;-10;-155;F
Asus;6;x;-27;-11;-155;F
Asus;6;x;-27;-12;-155;F
Asus;6;x;-27;-13;-155;F
Asus;6;x;-27;-14;-155;F
Asus;6;x;-27;-15;-155;F
Asus;6;x;-27;-16;-155;F
Asus;6;x;-27;-17;-155;F
Asus;6;x;-27;-18;-155;F
Asus;6;x;-27;-19;-155;F
Asus;6;x;-27;-20;-155;F
Asus;6;x;-26;20;-155;F
Asus;6;x;-26;19;-155;F
Asus;6;x;-26;18;-155;F
Asus;6;x;-26;17;-155;F
Asus;6;x;-26;16;-155;F
Asus;6;x;-26;15;-155;F
Asus;6;x;-26;14;-155;F
Asus;6;x;-26;13;-155;F
Asus;6;x;-26;12;-155;F
Asus;6;x;-26;11;-155;F
Asus;6;x;-26;10;-155;F
Asus;6;x;-26;9;-155;F
Asus;6;x;-26;8;-155;F
Asus;6;x;-26;7;-155;F
Asus;6;x;-26;6;-155;F
Asus;6;x;-26;5;-155;F
Asus;6;x;-26;4;-155;F
Asus;6;x;-26;3;-155;F
Asus;6;x;-26;2;-155;F
Asus;6;x;-26;1;-155;F
Asus;6;x;-26;0;-155;F
Asus;6;x;-26;-1;-155;F
Asus;6;x;-26;-2;-155;F
Asus;6;x;-26;-3;-155;F
Asus;6;x;-26;-4;-155;F
Asus;6;x;-26;-5;-155;F
Asus;6;x;-26;-6;-155;F
Asus;6;x;-26;-7;-155;F
Asus;6;x;-26;-8;-155;F
Asus;6;x;-26;-9;-155;F
Asus;6;x;-26;-10;-155;F
Asus;6;x;-26;-11;-155;F
Asus;6;x;-26;-12;-155;F
Asus;6;x;-26;-13;-155;F
Asus;6;x;-26;-14;-155;F
Asus;6;x;-26;-15;-155;F
Asus;6;x;-26;-16;-155;F
Asus;6;x;-26;-17;-155;F
Asus;6;x;-26;-18;-155;F
Asus;6;x;-26;-19;-155;F
Asus;6;x;-26;-20;-155;F
Asus;6;x;-25;20;-155;F
Asus;6;x;-25;19;-155;F
Asus;6;x;-25;18;-155;F
Asus;6;x;-25;17;-155;F
Asus;6;x;-25;16;-155;F
Asus;6;x;-25;15;-155;F
Asus;6;x;-25;14;-155;F
Asus;6;x;-25;13;-155;F
Asus;6;x;-25;12;-155;F
Asus;6;x;-25;11;-155;F
Asus;6;x;-25;10;-155;F
Asus;6;x;-25;9;-155;F
Asus;6;x;-25;8;-155;F
Asus;6;x;-25;7;-155;F
Asus;6;x;-25;6;-155;F
Asus;6;x;-25;5;-155;F
Asus;6;x;-25;4;-155;F
Asus;6;x;-25;3;-155;F
Asus;6;x;-25;2;-155;F
Asus;6;x;-25;1;-155;F
Asus;6;x;-25;0;-155;F
Asus;6;x;-25;-1;-155;F
Asus;6;x;-25;-2;-155;F
Asus;6;x;-25;-3;-155;F
Asus;6;x;-25;-4;-155;F
Asus;6;x;-25;-5;-155;F
Asus;6;x;-25;-6;-155;F
Asus;6;x;-25;-7;-155;F
Asus;6;x;-25;-8;-155;F
Asus;6;x;-25;-9;-155;F
Asus;6;x;-25;-10;-155;F
Asus;6;x;-25;-11;-155;F
Asus;6;x;-25;-12;-155;F
Asus;6;x;-25;-13;-155;F
Asus;6;x;-25;-14;-155;F
Asus;6;x;-25;-15;-155;F
Asus;6;x;-25;-16;-155;F
Asus;6;x;-25;-17;-155;F
Asus;6;x;-25;-18;-155;F
Asus;6;x;-25;-19;-155;F
Asus;6;x;-25;-20;-155;F
Asus;6;x;-24;20;-155;F
Asus;6;x;-24;19;-155;F
Asus;6;x;-24;18;-155;F
Asus;6;x;-24;17;-155;F
Asus;6;x;-24;16;-155;F
Asus;6;x;-24;15;-155;F
Asus;6;x;-24;14;-155;F
Asus;6;x;-24;13;-155;F
Asus;6;x;-24;12;-155;F
Asus;6;x;-24;11;-155;F
Asus;6;x;-24;10;-155;F
Asus;6;x;-24;9;-155;F
Asus;6;x;-24;8;-155;F
Asus;6;x;-24;7;-155;F
Asus;6;x;-24;6;-155;F
Asus;6;x;-24;5;-155;F
Asus;6;x;-24;4;-155;F
Asus;6;x;-24;3;-155;F
Asus;6;x;-24;2;-155;F
Asus;6;x;-24;1;-155;F
Asus;6;x;-24;0;-155;F
Asus;6;x;-24;-1;-155;F
Asus;6;x;-24;-2;-155;F
Asus;6;x;-24;-3;-155;F
Asus;6;x;-24;-4;-155;F
Asus;6;x;-24;-5;-155;F
Asus;6;x;-24;-6;-155;F
Asus;6;x;-24;-7;-155;F
Asus;6;x;-24;-8;-155;F
Asus;6;x;-24;-9;-155;F
Asus;6;x;-24;-10;-155;F
Asus;6;x;-24;-11;-155;F
Asus;6;x;-24;-12;-155;F
Asus;6;x;-24;-13;-155;F
Asus;6;x;-24;-14;-155;F
Asus;6;x;-24;-15;-155;F
Asus;6;x;-24;-16;-155;F
Asus;6;x;-24;-17;-155;F
Asus;6;x;-24;-18;-155;F
Asus;6;x;-24;-19;-155;F
Asus;6;x;-24;-20;-155;F
Asus;6;x;-23;20;-155;F
Asus;6;x;-23;19;-155;F
Asus;6;x;-23;18;-155;F
Asus;6;x;-23;17;-155;F
Asus;6;x;-23;16;-155;F
Asus;6;x;-23;15;-155;F
Asus;6;x;-23;14;-155;F
Asus;6;x;-23;13;-155;F
Asus;6;x;-23;12;-155;F
Asus;6;x;-23;11;-155;F
Asus;6;x;-23;10;-155;F
Asus;6;x;-23;9;-155;F
Asus;6;x;-23;8;-155;F
Asus;6;x;-23;7;-155;F
Asus;6;x;-23;6;-155;F
Asus;6;x;-23;5;-155;F
Asus;6;x;-23;4;-155;F
Asus;6;x;-23;3;-155;F
Asus;6;x;-23;2;-155;F
Asus;6;x;-23;1;-155;F
Asus;6;x;-23;0;-155;F
Asus;6;x;-23;-1;-155;F
Asus;6;x;-23;-2;-155;F
Asus;6;x;-23;-3;-155;F
Asus;6;x;-23;-4;-155;F
Asus;6;x;-23;-5;-155;F
Asus;6;x;-23;-6;-155;F
Asus;6;x;-23;-7;-155;F
Asus;6;x;-23;-8;-155;F
Asus;6;x;-23;-9;-155;F
Asus;6;x;-23;-10;-155;F
Asus;6;x;-23;-11;-155;F
Asus;6;x;-23;-12;-155;F
Asus;6;x;-23;-13;-155;F
Asus;6;x;-23;-14;-155;F
Asus;6;x;-23;-15;-155;F
Asus;6;x;-23;-16;-155;F
Asus;6;x;-23;-17;-155;F
Asus;6;x;-23;-18;-155;F
Asus;6;x;-23;-19;-155;F
Asus;6;x;-23;-20;-155;F
Asus;6;x;-22;20;-155;F
Asus;6;x;-22;19;-155;F
Asus;6;x;-22;18;-155;F
Asus;6;x;-22;17;-155;F
Asus;6;x;-22;16;-155;F
Asus;6;x;-22;15;-155;F
Asus;6;x;-22;14;-155;F
Asus;6;x;-22;13;-155;F
Asus;6;x;-22;12;-155;F
Asus;6;x;-22;11;-155;F
Asus;6;x;-22;10;-155;F
Asus;6;x;-22;9;-155;F
Asus;6;x;-22;8;-155;F
Asus;6;x;-22;7;-155;F
Asus;6;x;-22;6;-155;F
Asus;6;x;-22;5;-155;F
Asus;6;x;-22;4;-155;F
Asus;6;x;-22;3;-155;F
Asus;6;x;-22;2;-155;F
Asus;6;x;-22;1;-155;F
Asus;6;x;-22;0;-155;F
Asus;6;x;-22;-1;-155;F
Asus;6;x;-22;-2;-155;F
Asus;6;x;-22;-3;-155;F
Asus;6;x;-22;-4;-155;F
Asus;6;x;-22;-5;-155;F
Asus;6;x;-22;-6;-155;F
Asus;6;x;-22;-7;-155;F
Asus;6;x;-22;-8;-155;F
Asus;6;x;-22;-9;-155;F
Asus;6;x;-22;-10;-155;F
Asus;6;x;-22;-11;-155;F
Asus;6;x;-22;-12;-155;F
Asus;6;x;-22;-13;-155;F
Asus;6;x;-22;-14;-155;F
Asus;6;x;-22;-15;-155;F
Asus;6;x;-22;-16;-155;F
Asus;6;x;-22;-17;-155;F
Asus;6;x;-22;-18;-155;F
Asus;6;x;-22;-19;-155;F
Asus;6;x;-22;-20;-155;F
Asus;6;x;-21;20;-155;F
Asus;6;x;-21;19;-155;F
Asus;6;x;-21;18;-155;F
Asus;6;x;-21;17;-155;F
Asus;6;x;-21;16;-155;F
Asus;6;x;-21;15;-155;F
Asus;6;x;-21;14;-155;F
Asus;6;x;-21;13;-155;F
Asus;6;x;-21;12;-155;F
Asus;6;x;-21;11;-155;F
Asus;6;x;-21;10;-155;F
Asus;6;x;-21;9;-155;F
Asus;6;x;-21;8;-155;F
Asus;6;x;-21;7;-155;F
Asus;6;x;-21;6;-155;F
Asus;6;x;-21;5;-155;F
Asus;6;x;-21;4;-155;F
Asus;6;x;-21;3;-155;F
Asus;6;x;-21;2;-155;F
Asus;6;x;-21;1;-155;F
Asus;6;x;-21;0;-155;F
Asus;6;x;-21;-1;-155;F
Asus;6;x;-21;-2;-155;F
Asus;6;x;-21;-3;-155;F
Asus;6;x;-21;-4;-155;F
Asus;6;x;-21;-5;-155;F
Asus;6;x;-21;-6;-155;F
Asus;6;x;-21;-7;-155;F
Asus;6;x;-21;-8;-155;F
Asus;6;x;-21;-9;-155;F
Asus;6;x;-21;-10;-155;F
Asus;6;x;-21;-11;-155;F
Asus;6;x;-21;-12;-155;F
Asus;6;x;-21;-13;-155;F
Asus;6;x;-21;-14;-155;F
Asus;6;x;-21;-15;-155;F
Asus;6;x;-21;-16;-155;F
Asus;6;x;-21;-17;-155;F
Asus;6;x;-21;-18;-155;F
Asus;6;x;-21;-19;-155;F
Asus;6;x;-21;-20;-155;F
Asus;6;x;-20;20;-155;F
Asus;6;x;-20;19;-155;F
Asus;6;x;-20;18;-155;F
Asus;6;x;-20;17;-155;F
Asus;6;x;-20;16;-155;F
Asus;6;x;-20;15;-155;F
Asus;6;x;-20;14;-155;F
Asus;6;x;-20;13;-155;F
Asus;6;x;-20;12;-155;F
Asus;6;x;-20;11;-155;F
Asus;6;x;-20;10;-155;F
Asus;6;x;-20;9;-155;F
Asus;6;x;-20;8;-155;F
Asus;6;x;-20;7;-155;F
Asus;6;x;-20;6;-155;F
Asus;6;x;-20;5;-155;F
Asus;6;x;-20;4;-155;F
Asus;6;x;-20;3;-155;F
Asus;6;x;-20;2;-155;F
Asus;6;x;-20;1;-155;F
Asus;6;x;-20;0;-155;F
Asus;6;x;-20;-1;-155;F
Asus;6;x;-20;-2;-155;F
Asus;6;x;-20;-3;-155;F
Asus;6;x;-20;-4;-155;F
Asus;6;x;-20;-5;-155;F
Asus;6;x;-20;-6;-155;F
Asus;6;x;-20;-7;-155;F
Asus;6;x;-20;-8;-155;F
Asus;6;x;-20;-9;-155;F
Asus;6;x;-20;-10;-155;F
Asus;6;x;-20;-11;-155;F
Asus;6;x;-20;-12;-155;F
Asus;6;x;-20;-13;-155;F
Asus;6;x;-20;-14;-155;F
Asus;6;x;-20;-15;-155;F
Asus;6;x;-20;-16;-155;F
Asus;6;x;-20;-17;-155;F
Asus;6;x;-20;-18;-155;F
Asus;6;x;-20;-19;-155;F
Asus;6;x;-20;-20;-155;F
Asus;6;x;-19;20;-155;F
Asus;6;x;-19;19;-155;F
Asus;6;x;-19;18;-155;F
Asus;6;x;-19;17;-155;F
Asus;6;x;-19;16;-155;F
Asus;6;x;-19;15;-155;F
Asus;6;x;-19;14;-155;F
Asus;6;x;-19;13;-155;F
Asus;6;x;-19;12;-155;F
Asus;6;x;-19;11;-155;F
Asus;6;x;-19;10;-155;F
Asus;6;x;-19;9;-155;F
Asus;6;x;-19;8;-155;F
Asus;6;x;-19;7;-155;F
Asus;6;x;-19;6;-155;F
Asus;6;x;-19;5;-155;F
Asus;6;x;-19;4;-155;F
Asus;6;x;-19;3;-155;F
Asus;6;x;-19;2;-155;F
Asus;6;x;-19;1;-155;F
Asus;6;x;-19;0;-155;F
Asus;6;x;-19;-1;-155;F
Asus;6;x;-19;-2;-155;F
Asus;6;x;-19;-3;-155;F
Asus;6;x;-19;-4;-155;F
Asus;6;x;-19;-5;-155;F
Asus;6;x;-19;-6;-155;F
Asus;6;x;-19;-7;-155;F
Asus;6;x;-19;-8;-155;F
Asus;6;x;-19;-9;-155;F
Asus;6;x;-19;-10;-155;F
Asus;6;x;-19;-11;-155;F
Asus;6;x;-19;-12;-155;F
Asus;6;x;-19;-13;-155;F
Asus;6;x;-19;-14;-155;F
Asus;6;x;-19;-15;-155;F
Asus;6;x;-19;-16;-155;F
Asus;6;x;-19;-17;-155;F
Asus;6;x;-19;-18;-155;F
Asus;6;x;-19;-19;-155;F
Asus;6;x;-19;-20;-155;F
Asus;6;x;-18;20;-155;F
Asus;6;x;-18;19;-155;F
Asus;6;x;-18;18;-155;F
Asus;6;x;-18;17;-155;F
Asus;6;x;-18;16;-155;F
Asus;6;x;-18;15;-155;F
Asus;6;x;-18;14;-155;F
Asus;6;x;-18;13;-155;F
Asus;6;x;-18;12;-155;F
Asus;6;x;-18;11;-155;F
Asus;6;x;-18;10;-155;F
Asus;6;x;-18;9;-155;F
Asus;6;x;-18;8;-155;F
Asus;6;x;-18;7;-155;F
Asus;6;x;-18;6;-155;F
Asus;6;x;-18;5;-155;F
Asus;6;x;-18;4;-155;F
Asus;6;x;-18;3;-155;F
Asus;6;x;-18;2;-155;F
Asus;6;x;-18;1;-155;F
Asus;6;x;-18;0;-155;F
Asus;6;x;-18;-1;-155;F
Asus;6;x;-18;-2;-155;F
Asus;6;x;-18;-3;-155;F
Asus;6;x;-18;-4;-155;F
Asus;6;x;-18;-5;-155;F
Asus;6;x;-18;-6;-155;F
Asus;6;x;-18;-7;-155;F
Asus;6;x;-18;-8;-155;F
Asus;6;x;-18;-9;-155;F
Asus;6;x;-18;-10;-155;F
Asus;6;x;-18;-11;-155;F
Asus;6;x;-18;-12;-155;F
Asus;6;x;-18;-13;-155;F
Asus;6;x;-18;-14;-155;F
Asus;6;x;-18;-15;-155;F
Asus;6;x;-18;-16;-155;F
Asus;6;x;-18;-17;-155;F
Asus;6;x;-18;-18;-155;F
Asus;6;x;-18;-19;-155;F
Asus;6;x;-18;-20;-155;F
Asus;6;x;-17;20;-155;F
Asus;6;x;-17;19;-155;F
Asus;6;x;-17;18;-155;F
Asus;6;x;-17;17;-155;F
Asus;6;x;-17;16;-155;F
Asus;6;x;-17;15;-155;F
Asus;6;x;-17;14;-155;F
Asus;6;x;-17;13;-155;F
Asus;6;x;-17;12;-155;F
Asus;6;x;-17;11;-155;F
Asus;6;x;-17;10;-155;F
Asus;6;x;-17;9;-155;F
Asus;6;x;-17;8;-155;F
Asus;6;x;-17;7;-155;F
Asus;6;x;-17;6;-155;F
Asus;6;x;-17;5;-155;F
Asus;6;x;-17;4;-155;F
Asus;6;x;-17;3;-155;F
Asus;6;x;-17;2;-155;F
Asus;6;x;-17;1;-155;F
Asus;6;x;-17;0;-155;F
Asus;6;x;-17;-1;-155;F
Asus;6;x;-17;-2;-155;F
Asus;6;x;-17;-3;-155;F
Asus;6;x;-17;-4;-155;F
Asus;6;x;-17;-5;-155;F
Asus;6;x;-17;-6;-155;F
Asus;6;x;-17;-7;-155;F
Asus;6;x;-17;-8;-155;F
Asus;6;x;-17;-9;-155;F
Asus;6;x;-17;-10;-155;F
Asus;6;x;-17;-11;-155;F
Asus;6;x;-17;-12;-155;F
Asus;6;x;-17;-13;-155;F
Asus;6;x;-17;-14;-155;F
Asus;6;x;-17;-15;-155;F
Asus;6;x;-17;-16;-155;F
Asus;6;x;-17;-17;-155;F
Asus;6;x;-17;-18;-155;F
Asus;6;x;-17;-19;-155;F
Asus;6;x;-17;-20;-155;F
Asus;6;x;-16;20;-155;F
Asus;6;x;-16;19;-155;F
Asus;6;x;-16;18;-155;F
Asus;6;x;-16;17;-155;F
Asus;6;x;-16;16;-155;F
Asus;6;x;-16;15;-155;F
Asus;6;x;-16;14;-155;F
Asus;6;x;-16;13;-155;F
Asus;6;x;-16;12;-155;F
Asus;6;x;-16;11;-155;F
Asus;6;x;-16;10;-155;F
Asus;6;x;-16;9;-155;F
Asus;6;x;-16;8;-155;F
Asus;6;x;-16;7;-155;F
Asus;6;x;-16;6;-155;F
Asus;6;x;-16;5;-155;F
Asus;6;x;-16;4;-155;F
Asus;6;x;-16;3;-155;F
Asus;6;x;-16;2;-155;F
Asus;6;x;-16;1;-155;F
Asus;6;x;-16;0;-155;F
Asus;6;x;-16;-1;-155;F
Asus;6;x;-16;-2;-155;F
Asus;6;x;-16;-3;-155;F
Asus;6;x;-16;-4;-155;F
Asus;6;x;-16;-5;-155;F
Asus;6;x;-16;-6;-155;F
Asus;6;x;-16;-7;-155;F
Asus;6;x;-16;-8;-155;F
Asus;6;x;-16;-9;-155;F
Asus;6;x;-16;-10;-155;F
Asus;6;x;-16;-11;-155;F
Asus;6;x;-16;-12;-155;F
Asus;6;x;-16;-13;-155;F
Asus;6;x;-16;-14;-155;F
Asus;6;x;-16;-15;-155;F
Asus;6;x;-16;-16;-155;F
Asus;6;x;-16;-17;-155;F
Asus;6;x;-16;-18;-155;F
Asus;6;x;-16;-19;-155;F
Asus;6;x;-16;-20;-155;F
Asus;6;x;-15;20;-155;F
Asus;6;x;-15;19;-155;F
Asus;6;x;-15;18;-155;F
Asus;6;x;-15;17;-155;F
Asus;6;x;-15;16;-155;F
Asus;6;x;-15;15;-155;F
Asus;6;x;-15;14;-155;F
Asus;6;x;-15;13;-155;F
Asus;6;x;-15;12;-155;F
Asus;6;x;-15;11;-155;F
Asus;6;x;-15;10;-155;F
Asus;6;x;-15;9;-155;F
Asus;6;x;-15;8;-155;F
Asus;6;x;-15;7;-155;F
Asus;6;x;-15;6;-155;F
Asus;6;x;-15;5;-155;F
Asus;6;x;-15;4;-155;F
Asus;6;x;-15;3;-155;F
Asus;6;x;-15;2;-155;F
Asus;6;x;-15;1;-155;F
Asus;6;x;-15;0;-155;F
Asus;6;x;-15;-1;-155;F
Asus;6;x;-15;-2;-155;F
Asus;6;x;-15;-3;-155;F
Asus;6;x;-15;-4;-155;F
Asus;6;x;-15;-5;-155;F
Asus;6;x;-15;-6;-155;F
Asus;6;x;-15;-7;-155;F
Asus;6;x;-15;-8;-155;F
Asus;6;x;-15;-9;-155;F
Asus;6;x;-15;-10;-155;F
Asus;6;x;-15;-11;-155;F
Asus;6;x;-15;-12;-155;F
Asus;6;x;-15;-13;-155;F
Asus;6;x;-15;-14;-155;F
Asus;6;x;-15;-15;-155;F
Asus;6;x;-15;-16;-155;F
Asus;6;x;-15;-17;-155;F
Asus;6;x;-15;-18;-155;F
Asus;6;x;-15;-19;-155;F
Asus;6;x;-15;-20;-155;F
Asus;6;x;-14;20;-155;F
Asus;6;x;-14;19;-155;F
Asus;6;x;-14;18;-155;F
Asus;6;x;-14;17;-155;F
Asus;6;x;-14;16;-155;F
Asus;6;x;-14;15;-155;F
Asus;6;x;-14;14;-155;F
Asus;6;x;-14;13;-155;F
Asus;6;x;-14;12;-155;F
Asus;6;x;-14;11;-155;F
Asus;6;x;-14;10;-155;F
Asus;6;x;-14;9;-155;F
Asus;6;x;-14;8;-155;F
Asus;6;x;-14;7;-155;F
Asus;6;x;-14;6;-155;F
Asus;6;x;-14;5;-155;F
Asus;6;x;-14;4;-155;F
Asus;6;x;-14;3;-155;F
Asus;6;x;-14;2;-155;F
Asus;6;x;-14;1;-155;F
Asus;6;x;-14;0;-155;F
Asus;6;x;-14;-1;-155;F
Asus;6;x;-14;-2;-155;F
Asus;6;x;-14;-3;-155;F
Asus;6;x;-14;-4;-155;F
Asus;6;x;-14;-5;-155;F
Asus;6;x;-14;-6;-155;F
Asus;6;x;-14;-7;-155;F
Asus;6;x;-14;-8;-155;F
Asus;6;x;-14;-9;-155;F
Asus;6;x;-14;-10;-155;F
Asus;6;x;-14;-11;-155;F
Asus;6;x;-14;-12;-155;F
Asus;6;x;-14;-13;-155;F
Asus;6;x;-14;-14;-155;F
Asus;6;x;-14;-15;-155;F
Asus;6;x;-14;-16;-155;F
Asus;6;x;-14;-17;-155;F
Asus;6;x;-14;-18;-155;F
Asus;6;x;-14;-19;-155;F
Asus;6;x;-14;-20;-155;F
Asus;6;x;-13;20;-155;F
Asus;6;x;-13;19;-155;F
Asus;6;x;-13;18;-155;F
Asus;6;x;-13;17;-155;F
Asus;6;x;-13;16;-155;F
Asus;6;x;-13;15;-155;F
Asus;6;x;-13;14;-155;F
Asus;6;x;-13;13;-155;F
Asus;6;x;-13;12;-155;F
Asus;6;x;-13;11;-155;F
Asus;6;x;-13;10;-155;F
Asus;6;x;-13;9;-155;F
Asus;6;x;-13;8;-155;F
Asus;6;x;-13;7;-155;F
Asus;6;x;-13;6;-155;F
Asus;6;x;-13;5;-155;F
Asus;6;x;-13;4;-155;F
Asus;6;x;-13;3;-155;F
Asus;6;x;-13;2;-155;F
Asus;6;x;-13;1;-155;F
Asus;6;x;-13;0;-155;F
Asus;6;x;-13;-1;-155;F
Asus;6;x;-13;-2;-155;F
Asus;6;x;-13;-3;-155;F
Asus;6;x;-13;-4;-155;F
Asus;6;x;-13;-5;-155;F
Asus;6;x;-13;-6;-155;F
Asus;6;x;-13;-7;-155;F
Asus;6;x;-13;-8;-155;F
Asus;6;x;-13;-9;-155;F
Asus;6;x;-13;-10;-155;F
Asus;6;x;-13;-11;-155;F
Asus;6;x;-13;-12;-155;F
Asus;6;x;-13;-13;-155;F
Asus;6;x;-13;-14;-155;F
Asus;6;x;-13;-15;-155;F
Asus;6;x;-13;-16;-155;F
Asus;6;x;-13;-17;-155;F
Asus;6;x;-13;-18;-155;F
Asus;6;x;-13;-19;-155;F
Asus;6;x;-13;-20;-155;F
Asus;6;x;-12;20;-155;F
Asus;6;x;-12;19;-155;F
Asus;6;x;-12;18;-155;F
Asus;6;x;-12;17;-155;F
Asus;6;x;-12;16;-155;F
Asus;6;x;-12;15;-155;F
Asus;6;x;-12;14;-155;F
Asus;6;x;-12;13;-155;F
Asus;6;x;-12;12;-155;F
Asus;6;x;-12;11;-155;F
Asus;6;x;-12;10;-155;F
Asus;6;x;-12;9;-155;F
Asus;6;x;-12;8;-155;F
Asus;6;x;-12;7;-155;F
Asus;6;x;-12;6;-155;F
Asus;6;x;-12;5;-155;F
Asus;6;x;-12;4;-155;F
Asus;6;x;-12;3;-155;F
Asus;6;x;-12;2;-155;F
Asus;6;x;-12;1;-155;F
Asus;6;x;-12;0;-155;F
Asus;6;x;-12;-1;-155;F
Asus;6;x;-12;-2;-155;F
Asus;6;x;-12;-3;-155;F
Asus;6;x;-12;-4;-155;F
Asus;6;x;-12;-5;-155;F
Asus;6;x;-12;-6;-155;F
Asus;6;x;-12;-7;-155;F
Asus;6;x;-12;-8;-155;F
Asus;6;x;-12;-9;-155;F
Asus;6;x;-12;-10;-155;F
Asus;6;x;-12;-11;-155;F
Asus;6;x;-12;-12;-155;F
Asus;6;x;-12;-13;-155;F
Asus;6;x;-12;-14;-155;F
Asus;6;x;-12;-15;-155;F
Asus;6;x;-12;-16;-155;F
Asus;6;x;-12;-17;-155;F
Asus;6;x;-12;-18;-155;F
Asus;6;x;-12;-19;-155;F
Asus;6;x;-12;-20;-155;F
Asus;6;x;-11;20;-155;F
Asus;6;x;-11;19;-155;F
Asus;6;x;-11;18;-155;F
Asus;6;x;-11;17;-155;F
Asus;6;x;-11;16;-155;F
Asus;6;x;-11;15;-155;F
Asus;6;x;-11;14;-155;F
Asus;6;x;-11;13;-155;F
Asus;6;x;-11;12;-155;F
Asus;6;x;-11;11;-155;F
Asus;6;x;-11;10;-155;F
Asus;6;x;-11;9;-155;F
Asus;6;x;-11;8;-155;F
Asus;6;x;-11;7;-155;F
Asus;6;x;-11;6;-155;F
Asus;6;x;-11;5;-155;F
Asus;6;x;-11;4;-155;F
Asus;6;x;-11;3;-155;F
Asus;6;x;-11;2;-155;F
Asus;6;x;-11;1;-155;F
Asus;6;x;-11;0;-155;F
Asus;6;x;-11;-1;-155;F
Asus;6;x;-11;-2;-155;F
Asus;6;x;-11;-3;-155;F
Asus;6;x;-11;-4;-155;F
Asus;6;x;-11;-5;-155;F
Asus;6;x;-11;-6;-155;F
Asus;6;x;-11;-7;-155;F
Asus;6;x;-11;-8;-155;F
Asus;6;x;-11;-9;-155;F
Asus;6;x;-11;-10;-155;F
Asus;6;x;-11;-11;-155;F
Asus;6;x;-11;-12;-155;F
Asus;6;x;-11;-13;-155;F
Asus;6;x;-11;-14;-155;F
Asus;6;x;-11;-15;-155;F
Asus;6;x;-11;-16;-155;F
Asus;6;x;-11;-17;-155;F
Asus;6;x;-11;-18;-155;F
Asus;6;x;-11;-19;-155;F
Asus;6;x;-11;-20;-155;F
Asus;6;x;-10;20;-155;F
Asus;6;x;-10;19;-155;F
Asus;6;x;-10;18;-155;F
Asus;6;x;-10;17;-155;F
Asus;6;x;-10;16;-155;F
Asus;6;x;-10;15;-155;F
Asus;6;x;-10;14;-155;F
Asus;6;x;-10;13;-155;F
Asus;6;x;-10;12;-155;F
Asus;6;x;-10;11;-155;F
Asus;6;x;-10;10;-155;F
Asus;6;x;-10;9;-155;F
Asus;6;x;-10;8;-155;F
Asus;6;x;-10;7;-155;F
Asus;6;x;-10;6;-155;F
Asus;6;x;-10;5;-155;F
Asus;6;x;-10;4;-155;F
Asus;6;x;-10;3;-155;F
Asus;6;x;-10;2;-155;F
Asus;6;x;-10;1;-155;F
Asus;6;x;-10;0;-155;F
Asus;6;x;-10;-1;-155;F
Asus;6;x;-10;-2;-155;F
Asus;6;x;-10;-3;-155;F
Asus;6;x;-10;-4;-155;F
Asus;6;x;-10;-5;-155;F
Asus;6;x;-10;-6;-155;F
Asus;6;x;-10;-7;-155;F
Asus;6;x;-10;-8;-155;F
Asus;6;x;-10;-9;-155;F
Asus;6;x;-10;-10;-155;F
Asus;6;x;-10;-11;-155;F
Asus;6;x;-10;-12;-155;F
Asus;6;x;-10;-13;-155;F
Asus;6;x;-10;-14;-155;F
Asus;6;x;-10;-15;-155;F
Asus;6;x;-10;-16;-155;F
Asus;6;x;-10;-17;-155;F
Asus;6;x;-10;-18;-155;F
Asus;6;x;-10;-19;-155;F
Asus;6;x;-10;-20;-155;F
Asus;6;x;-9;20;-155;F
Asus;6;x;-9;19;-155;F
Asus;6;x;-9;18;-155;F
Asus;6;x;-9;17;-155;F
Asus;6;x;-9;16;-155;F
Asus;6;x;-9;15;-155;F
Asus;6;x;-9;14;-155;F
Asus;6;x;-9;13;-155;F
Asus;6;x;-9;12;-155;F
Asus;6;x;-9;11;-155;F
Asus;6;x;-9;10;-155;F
Asus;6;x;-9;9;-155;F
Asus;6;x;-9;8;-155;F
Asus;6;x;-9;7;-155;F
Asus;6;x;-9;6;-155;F
Asus;6;x;-9;5;-155;F
Asus;6;x;-9;4;-155;F
Asus;6;x;-9;3;-155;F
Asus;6;x;-9;2;-155;F
Asus;6;x;-9;1;-155;F
Asus;6;x;-9;0;-155;F
Asus;6;x;-9;-1;-155;F
Asus;6;x;-9;-2;-155;F
Asus;6;x;-9;-3;-155;F
Asus;6;x;-9;-4;-155;F
Asus;6;x;-9;-5;-155;F
Asus;6;x;-9;-6;-155;F
Asus;6;x;-9;-7;-155;F
Asus;6;x;-9;-8;-155;F
Asus;6;x;-9;-9;-155;F
Asus;6;x;-9;-10;-155;F
Asus;6;x;-9;-11;-155;F
Asus;6;x;-9;-12;-155;F
Asus;6;x;-9;-13;-155;F
Asus;6;x;-9;-14;-155;F
Asus;6;x;-9;-15;-155;F
Asus;6;x;-9;-16;-155;F
Asus;6;x;-9;-17;-155;F
Asus;6;x;-9;-18;-155;F
Asus;6;x;-9;-19;-155;F
Asus;6;x;-9;-20;-155;F
Asus;6;x;-8;20;-155;F
Asus;6;x;-8;19;-155;F
Asus;6;x;-8;18;-155;F
Asus;6;x;-8;17;-155;F
Asus;6;x;-8;16;-155;F
Asus;6;x;-8;15;-155;F
Asus;6;x;-8;14;-155;F
Asus;6;x;-8;13;-155;F
Asus;6;x;-8;12;-155;F
Asus;6;x;-8;11;-155;F
Asus;6;x;-8;10;-155;F
Asus;6;x;-8;9;-155;F
Asus;6;x;-8;8;-155;F
Asus;6;x;-8;7;-155;F
Asus;6;x;-8;6;-155;F
Asus;6;x;-8;5;-155;F
Asus;6;x;-8;4;-155;F
Asus;6;x;-8;3;-155;F
Asus;6;x;-8;2;-155;F
Asus;6;x;-8;1;-155;F
Asus;6;x;-8;0;-155;F
Asus;6;x;-8;-1;-155;F
Asus;6;x;-8;-2;-155;F
Asus;6;x;-8;-3;-155;F
Asus;6;x;-8;-4;-155;F
Asus;6;x;-8;-5;-155;F
Asus;6;x;-8;-6;-155;F
Asus;6;x;-8;-7;-155;F
Asus;6;x;-8;-8;-155;F
Asus;6;x;-8;-9;-155;F
Asus;6;x;-8;-10;-155;F
Asus;6;x;-8;-11;-155;F
Asus;6;x;-8;-12;-155;F
Asus;6;x;-8;-13;-155;F
Asus;6;x;-8;-14;-155;F
Asus;6;x;-8;-15;-155;F
Asus;6;x;-8;-16;-155;F
Asus;6;x;-8;-17;-155;F
Asus;6;x;-8;-18;-155;F
Asus;6;x;-8;-19;-155;F
Asus;6;x;-8;-20;-155;F
Asus;6;x;-7;20;-155;F
Asus;6;x;-7;19;-155;F
Asus;6;x;-7;18;-155;F
Asus;6;x;-7;17;-155;F
Asus;6;x;-7;16;-155;F
Asus;6;x;-7;15;-155;F
Asus;6;x;-7;14;-155;F
Asus;6;x;-7;13;-155;F
Asus;6;x;-7;12;-155;F
Asus;6;x;-7;11;-155;F
Asus;6;x;-7;10;-155;F
Asus;6;x;-7;9;-155;F
Asus;6;x;-7;8;-155;F
Asus;6;x;-7;7;-155;F
Asus;6;x;-7;6;-155;F
Asus;6;x;-7;5;-155;F
Asus;6;x;-7;4;-155;F
Asus;6;x;-7;3;-155;F
Asus;6;x;-7;2;-155;F
Asus;6;x;-7;1;-155;F
Asus;6;x;-7;0;-155;F
Asus;6;x;-7;-1;-155;F
Asus;6;x;-7;-2;-155;F
Asus;6;x;-7;-3;-155;F
Asus;6;x;-7;-4;-155;F
Asus;6;x;-7;-5;-155;F
Asus;6;x;-7;-6;-155;F
Asus;6;x;-7;-7;-155;F
Asus;6;x;-7;-8;-155;F
Asus;6;x;-7;-9;-155;F
Asus;6;x;-7;-10;-155;F
Asus;6;x;-7;-11;-155;F
Asus;6;x;-7;-12;-155;F
Asus;6;x;-7;-13;-155;F
Asus;6;x;-7;-14;-155;F
Asus;6;x;-7;-15;-155;F
Asus;6;x;-7;-16;-155;F
Asus;6;x;-7;-17;-155;F
Asus;6;x;-7;-18;-155;F
Asus;6;x;-7;-19;-155;F
Asus;6;x;-7;-20;-155;F
Asus;6;x;-6;20;-155;F
Asus;6;x;-6;19;-155;F
Asus;6;x;-6;18;-155;F
Asus;6;x;-6;17;-155;F
Asus;6;x;-6;16;-155;F
Asus;6;x;-6;15;-155;F
Asus;6;x;-6;14;-155;F
Asus;6;x;-6;13;-155;F
Asus;6;x;-6;12;-155;F
Asus;6;x;-6;11;-155;F
Asus;6;x;-6;10;-155;F
Asus;6;x;-6;9;-155;F
Asus;6;x;-6;8;-155;F
Asus;6;x;-6;7;-155;F
Asus;6;x;-6;6;-155;F
Asus;6;x;-6;5;-155;F
Asus;6;x;-6;4;-155;F
Asus;6;x;-6;3;-155;F
Asus;6;x;-6;2;-155;F
Asus;6;x;-6;1;-155;F
Asus;6;x;-6;0;-155;F
Asus;6;x;-6;-1;-155;F
Asus;6;x;-6;-2;-155;F
Asus;6;x;-6;-3;-155;F
Asus;6;x;-6;-4;-155;F
Asus;6;x;-6;-5;-155;F
Asus;6;x;-6;-6;-155;F
Asus;6;x;-6;-7;-155;F
Asus;6;x;-6;-8;-155;F
Asus;6;x;-6;-9;-155;F
Asus;6;x;-6;-10;-155;F
Asus;6;x;-6;-11;-155;F
Asus;6;x;-6;-12;-155;F
Asus;6;x;-6;-13;-155;F
Asus;6;x;-6;-14;-155;F
Asus;6;x;-6;-15;-155;F
Asus;6;x;-6;-16;-155;F
Asus;6;x;-6;-17;-155;F
Asus;6;x;-6;-18;-155;F
Asus;6;x;-6;-19;-155;F
Asus;6;x;-6;-20;-155;F
Asus;6;x;-5;20;-155;F
Asus;6;x;-5;19;-155;F
Asus;6;x;-5;18;-155;F
Asus;6;x;-5;17;-155;F
Asus;6;x;-5;16;-155;F
Asus;6;x;-5;15;-155;F
Asus;6;x;-5;14;-155;F
Asus;6;x;-5;13;-155;F
Asus;6;x;-5;12;-155;F
Asus;6;x;-5;11;-155;F
Asus;6;x;-5;10;-155;F
Asus;6;x;-5;9;-155;F
Asus;6;x;-5;8;-155;F
Asus;6;x;-5;7;-155;F
Asus;6;x;-5;6;-155;F
Asus;6;x;-5;5;-155;F
Asus;6;x;-5;4;-155;F
Asus;6;x;-5;3;-155;F
Asus;6;x;-5;2;-155;F
Asus;6;x;-5;1;-155;F
Asus;6;x;-5;0;-155;F
Asus;6;x;-5;-1;-155;F
Asus;6;x;-5;-2;-155;F
Asus;6;x;-5;-3;-155;F
Asus;6;x;-5;-4;-155;F
Asus;6;x;-5;-5;-155;F
Asus;6;x;-5;-6;-155;F
Asus;6;x;-5;-7;-155;F
Asus;6;x;-5;-8;-155;F
Asus;6;x;-5;-9;-155;F
Asus;6;x;-5;-10;-155;F
Asus;6;x;-5;-11;-155;F
Asus;6;x;-5;-12;-155;F
Asus;6;x;-5;-13;-155;F
Asus;6;x;-5;-14;-155;F
Asus;6;x;-5;-15;-155;F
Asus;6;x;-5;-16;-155;F
Asus;6;x;-5;-17;-155;F
Asus;6;x;-5;-18;-155;F
Asus;6;x;-5;-19;-155;F
Asus;6;x;-5;-20;-155;F
Asus;6;x;-4;20;-155;F
Asus;6;x;-4;19;-155;F
Asus;6;x;-4;18;-155;F
Asus;6;x;-4;17;-155;F
Asus;6;x;-4;16;-155;F
Asus;6;x;-4;15;-155;F
Asus;6;x;-4;14;-155;F
Asus;6;x;-4;13;-155;F
Asus;6;x;-4;12;-155;F
Asus;6;x;-4;11;-155;F
Asus;6;x;-4;10;-155;F
Asus;6;x;-4;9;-155;F
Asus;6;x;-4;8;-155;F
Asus;6;x;-4;7;-155;F
Asus;6;x;-4;6;-155;F
Asus;6;x;-4;5;-155;F
Asus;6;x;-4;4;-155;F
Asus;6;x;-4;3;-155;F
Asus;6;x;-4;2;-155;F
Asus;6;x;-4;1;-155;F
Asus;6;x;-4;0;-155;F
Asus;6;x;-4;-1;-155;F
Asus;6;x;-4;-2;-155;F
Asus;6;x;-4;-3;-155;F
Asus;6;x;-4;-4;-155;F
Asus;6;x;-4;-5;-155;F
Asus;6;x;-4;-6;-155;F
Asus;6;x;-4;-7;-155;F
Asus;6;x;-4;-8;-155;F
Asus;6;x;-4;-9;-155;F
Asus;6;x;-4;-10;-155;F
Asus;6;x;-4;-11;-155;F
Asus;6;x;-4;-12;-155;F
Asus;6;x;-4;-13;-155;F
Asus;6;x;-4;-14;-155;F
Asus;6;x;-4;-15;-155;F
Asus;6;x;-4;-16;-155;F
Asus;6;x;-4;-17;-155;F
Asus;6;x;-4;-18;-155;F
Asus;6;x;-4;-19;-155;F
Asus;6;x;-4;-20;-155;F
Asus;6;x;-3;20;-155;F
Asus;6;x;-3;19;-155;F
Asus;6;x;-3;18;-155;F
Asus;6;x;-3;17;-155;F
Asus;6;x;-3;16;-155;F
Asus;6;x;-3;15;-155;F
Asus;6;x;-3;14;-155;F
Asus;6;x;-3;13;-155;F
Asus;6;x;-3;12;-155;F
Asus;6;x;-3;11;-155;F
Asus;6;x;-3;10;-155;F
Asus;6;x;-3;9;-155;F
Asus;6;x;-3;8;-155;F
Asus;6;x;-3;7;-155;F
Asus;6;x;-3;6;-155;F
Asus;6;x;-3;5;-155;F
Asus;6;x;-3;4;-155;F
Asus;6;x;-3;3;-155;F
Asus;6;x;-3;2;-155;F
Asus;6;x;-3;1;-155;F
Asus;6;x;-3;0;-155;F
Asus;6;x;-3;-1;-155;F
Asus;6;x;-3;-2;-155;F
Asus;6;x;-3;-3;-155;F
Asus;6;x;-3;-4;-155;F
Asus;6;x;-3;-5;-155;F
Asus;6;x;-3;-6;-155;F
Asus;6;x;-3;-7;-155;F
Asus;6;x;-3;-8;-155;F
Asus;6;x;-3;-9;-155;F
Asus;6;x;-3;-10;-155;F
Asus;6;x;-3;-11;-155;F
Asus;6;x;-3;-12;-155;F
Asus;6;x;-3;-13;-155;F
Asus;6;x;-3;-14;-155;F
Asus;6;x;-3;-15;-155;F
Asus;6;x;-3;-16;-155;F
Asus;6;x;-3;-17;-155;F
Asus;6;x;-3;-18;-155;F
Asus;6;x;-3;-19;-155;F
Asus;6;x;-3;-20;-155;F
Asus;6;x;-2;20;-155;F
Asus;6;x;-2;19;-155;F
Asus;6;x;-2;18;-155;F
Asus;6;x;-2;17;-155;F
Asus;6;x;-2;16;-155;F
Asus;6;x;-2;15;-155;F
Asus;6;x;-2;14;-155;F
Asus;6;x;-2;13;-155;F
Asus;6;x;-2;12;-155;F
Asus;6;x;-2;11;-155;F
Asus;6;x;-2;10;-155;F
Asus;6;x;-2;9;-155;F
Asus;6;x;-2;8;-155;F
Asus;6;x;-2;7;-155;F
Asus;6;x;-2;6;-155;F
Asus;6;x;-2;5;-155;F
Asus;6;x;-2;4;-155;F
Asus;6;x;-2;3;-155;F
Asus;6;x;-2;2;-155;F
Asus;6;x;-2;1;-155;F
Asus;6;x;-2;0;-155;F
Asus;6;x;-2;-1;-155;F
Asus;6;x;-2;-2;-155;F
Asus;6;x;-2;-3;-155;F
Asus;6;x;-2;-4;-155;F
Asus;6;x;-2;-5;-155;F
Asus;6;x;-2;-6;-155;F
Asus;6;x;-2;-7;-155;F
Asus;6;x;-2;-8;-155;F
Asus;6;x;-2;-9;-155;F
Asus;6;x;-2;-10;-155;F
Asus;6;x;-2;-11;-155;F
Asus;6;x;-2;-12;-155;F
Asus;6;x;-2;-13;-155;F
Asus;6;x;-2;-14;-155;F
Asus;6;x;-2;-15;-155;F
Asus;6;x;-2;-16;-155;F
Asus;6;x;-2;-17;-155;F
Asus;6;x;-2;-18;-155;F
Asus;6;x;-2;-19;-155;F
Asus;6;x;-2;-20;-155;F
Asus;6;x;-1;20;-155;F
Asus;6;x;-1;19;-155;F
Asus;6;x;-1;18;-155;F
Asus;6;x;-1;17;-155;F
Asus;6;x;-1;16;-155;F
Asus;6;x;-1;15;-155;F
Asus;6;x;-1;14;-155;F
Asus;6;x;-1;13;-155;F
Asus;6;x;-1;12;-155;F
Asus;6;x;-1;11;-155;F
Asus;6;x;-1;10;-155;F
Asus;6;x;-1;9;-155;F
Asus;6;x;-1;8;-155;F
Asus;6;x;-1;7;-155;F
Asus;6;x;-1;6;-155;F
Asus;6;x;-1;5;-155;F
Asus;6;x;-1;4;-155;F
Asus;6;x;-1;3;-155;F
Asus;6;x;-1;2;-155;F
Asus;6;x;-1;1;-155;F
Asus;6;x;-1;0;-155;F
Asus;6;x;-1;-1;-155;F
Asus;6;x;-1;-2;-155;F
Asus;6;x;-1;-3;-155;F
Asus;6;x;-1;-4;-155;F
Asus;6;x;-1;-5;-155;F
Asus;6;x;-1;-6;-155;F
Asus;6;x;-1;-7;-155;F
Asus;6;x;-1;-8;-155;F
Asus;6;x;-1;-9;-155;F
Asus;6;x;-1;-10;-155;F
Asus;6;x;-1;-11;-155;F
Asus;6;x;-1;-12;-155;F
Asus;6;x;-1;-13;-155;F
Asus;6;x;-1;-14;-155;F
Asus;6;x;-1;-15;-155;F
Asus;6;x;-1;-16;-155;F
Asus;6;x;-1;-17;-155;F
Asus;6;x;-1;-18;-155;F
Asus;6;x;-1;-19;-155;F
Asus;6;x;-1;-20;-155;F
Asus;6;x;0;20;-155;F
Asus;6;x;0;19;-155;F
Asus;6;x;0;18;-155;F
Asus;6;x;0;17;-155;F
Asus;6;x;0;16;-155;F
Asus;6;x;0;15;-155;F
Asus;6;x;0;14;-155;F
Asus;6;x;0;13;-155;F
Asus;6;x;0;12;-155;F
Asus;6;x;0;11;-155;F
Asus;6;x;0;10;-155;F
Asus;6;x;0;9;-155;F
Asus;6;x;0;8;-155;F
Asus;6;x;0;7;-155;F
Asus;6;x;0;6;-155;F
Asus;6;x;0;5;-155;F
Asus;6;x;0;4;-155;F
Asus;6;x;0;3;-155;F
Asus;6;x;0;2;-155;F
Asus;6;x;0;1;-155;F
Asus;6;x;0;0;-155;F
Asus;6;x;0;-1;-155;F
Asus;6;x;0;-2;-155;F
Asus;6;x;0;-3;-155;F
Asus;6;x;0;-4;-155;F
Asus;6;x;0;-5;-155;F
Asus;6;x;0;-6;-155;F
Asus;6;x;0;-7;-155;F
Asus;6;x;0;-8;-155;F
Asus;6;x;0;-9;-155;F
Asus;6;x;0;-10;-155;F
Asus;6;x;0;-11;-155;F
Asus;6;x;0;-12;-155;F
Asus;6;x;0;-13;-155;F
Asus;6;x;0;-14;-155;F
Asus;6;x;0;-15;-155;F
Asus;6;x;0;-16;-155;F
Asus;6;x;0;-17;-155;F
Asus;6;x;0;-18;-155;F
Asus;6;x;0;-19;-155;F
Asus;6;x;0;-20;-155;F
Asus;6;x;1;20;-155;F
Asus;6;x;1;19;-155;F
Asus;6;x;1;18;-155;F
Asus;6;x;1;17;-155;F
Asus;6;x;1;16;-155;F
Asus;6;x;1;15;-155;F
Asus;6;x;1;14;-155;F
Asus;6;x;1;13;-155;F
Asus;6;x;1;12;-155;F
Asus;6;x;1;11;-155;F
Asus;6;x;1;10;-155;F
Asus;6;x;1;9;-155;F
Asus;6;x;1;8;-155;F
Asus;6;x;1;7;-155;F
Asus;6;x;1;6;-155;F
Asus;6;x;1;5;-155;F
Asus;6;x;1;4;-155;F
Asus;6;x;1;3;-155;F
Asus;6;x;1;2;-155;F
Asus;6;x;1;1;-155;F
Asus;6;x;1;0;-155;F
Asus;6;x;1;-1;-155;F
Asus;6;x;1;-2;-155;F
Asus;6;x;1;-3;-155;F
Asus;6;x;1;-4;-155;F
Asus;6;x;1;-5;-155;F
Asus;6;x;1;-6;-155;F
Asus;6;x;1;-7;-155;F
Asus;6;x;1;-8;-155;F
Asus;6;x;1;-9;-155;F
Asus;6;x;1;-10;-155;F
Asus;6;x;1;-11;-155;F
Asus;6;x;1;-12;-155;F
Asus;6;x;1;-13;-155;F
Asus;6;x;1;-14;-155;F
Asus;6;x;1;-15;-155;F
Asus;6;x;1;-16;-155;F
Asus;6;x;1;-17;-155;F
Asus;6;x;1;-18;-155;F
Asus;6;x;1;-19;-155;F
Asus;6;x;1;-20;-155;F
Asus;6;x;2;20;-155;F
Asus;6;x;2;19;-155;F
Asus;6;x;2;18;-155;F
Asus;6;x;2;17;-155;F
Asus;6;x;2;16;-155;F
Asus;6;x;2;15;-155;F
Asus;6;x;2;14;-155;F
Asus;6;x;2;13;-155;F
Asus;6;x;2;12;-155;F
Asus;6;x;2;11;-155;F
Asus;6;x;2;10;-155;F
Asus;6;x;2;9;-155;F
Asus;6;x;2;8;-155;F
Asus;6;x;2;7;-155;F
Asus;6;x;2;6;-155;F
Asus;6;x;2;5;-155;F
Asus;6;x;2;4;-155;F
Asus;6;x;2;3;-155;F
Asus;6;x;2;2;-155;F
Asus;6;x;2;1;-155;F
Asus;6;x;2;0;-155;F
Asus;6;x;2;-1;-155;F
Asus;6;x;2;-2;-155;F
Asus;6;x;2;-3;-155;F
Asus;6;x;2;-4;-155;F
Asus;6;x;2;-5;-155;F
Asus;6;x;2;-6;-155;F
Asus;6;x;2;-7;-155;F
Asus;6;x;2;-8;-155;F
Asus;6;x;2;-9;-155;F
Asus;6;x;2;-10;-155;F
Asus;6;x;2;-11;-155;F
Asus;6;x;2;-12;-155;F
Asus;6;x;2;-13;-155;F
Asus;6;x;2;-14;-155;F
Asus;6;x;2;-15;-155;F
Asus;6;x;2;-16;-155;F
Asus;6;x;2;-17;-155;F
Asus;6;x;2;-18;-155;F
Asus;6;x;2;-19;-155;F
Asus;6;x;2;-20;-155;F
Asus;6;x;3;20;-155;F
Asus;6;x;3;19;-155;F
Asus;6;x;3;18;-155;F
Asus;6;x;3;17;-155;F
Asus;6;x;3;16;-155;F
Asus;6;x;3;15;-155;F
Asus;6;x;3;14;-155;F
Asus;6;x;3;13;-155;F
Asus;6;x;3;12;-155;F
Asus;6;x;3;11;-155;F
Asus;6;x;3;10;-155;F
Asus;6;x;3;9;-155;F
Asus;6;x;3;8;-155;F
Asus;6;x;3;7;-155;F
Asus;6;x;3;6;-155;F
Asus;6;x;3;5;-155;F
Asus;6;x;3;4;-155;F
Asus;6;x;3;3;-155;F
Asus;6;x;3;2;-155;F
Asus;6;x;3;1;-155;F
Asus;6;x;3;0;-155;F
Asus;6;x;3;-1;-155;F
Asus;6;x;3;-2;-155;F
Asus;6;x;3;-3;-155;F
Asus;6;x;3;-4;-155;F
Asus;6;x;3;-5;-155;F
Asus;6;x;3;-6;-155;F
Asus;6;x;3;-7;-155;F
Asus;6;x;3;-8;-155;F
Asus;6;x;3;-9;-155;F
Asus;6;x;3;-10;-155;F
Asus;6;x;3;-11;-155;F
Asus;6;x;3;-12;-155;F
Asus;6;x;3;-13;-155;F
Asus;6;x;3;-14;-155;F
Asus;6;x;3;-15;-155;F
Asus;6;x;3;-16;-155;F
Asus;6;x;3;-17;-155;F
Asus;6;x;3;-18;-155;F
Asus;6;x;3;-19;-155;F
Asus;6;x;3;-20;-155;F
Asus;6;x;4;20;-155;F
Asus;6;x;4;19;-155;F
Asus;6;x;4;18;-155;F
Asus;6;x;4;17;-155;F
Asus;6;x;4;16;-155;F
Asus;6;x;4;15;-155;F
Asus;6;x;4;14;-155;F
Asus;6;x;4;13;-155;F
Asus;6;x;4;12;-155;F
Asus;6;x;4;11;-155;F
Asus;6;x;4;10;-155;F
Asus;6;x;4;9;-155;F
Asus;6;x;4;8;-155;F
Asus;6;x;4;7;-155;F
Asus;6;x;4;6;-155;F
Asus;6;x;4;5;-155;F
Asus;6;x;4;4;-155;F
Asus;6;x;4;3;-155;F
Asus;6;x;4;2;-155;F
Asus;6;x;4;1;-155;F
Asus;6;x;4;0;-155;F
Asus;6;x;4;-1;-155;F
Asus;6;x;4;-2;-155;F
Asus;6;x;4;-3;-155;F
Asus;6;x;4;-4;-155;F
Asus;6;x;4;-5;-155;F
Asus;6;x;4;-6;-155;F
Asus;6;x;4;-7;-155;F
Asus;6;x;4;-8;-155;F
Asus;6;x;4;-9;-155;F
Asus;6;x;4;-10;-155;F
Asus;6;x;4;-11;-155;F
Asus;6;x;4;-12;-155;F
Asus;6;x;4;-13;-155;F
Asus;6;x;4;-14;-155;F
Asus;6;x;4;-15;-155;F
Asus;6;x;4;-16;-155;F
Asus;6;x;4;-17;-155;F
Asus;6;x;4;-18;-155;F
Asus;6;x;4;-19;-155;F
Asus;6;x;4;-20;-155;F
Asus;6;x;5;20;-155;F
Asus;6;x;5;19;-155;F
Asus;6;x;5;18;-155;F
Asus;6;x;5;17;-155;F
Asus;6;x;5;16;-155;F
Asus;6;x;5;15;-155;F
Asus;6;x;5;14;-155;F
Asus;6;x;5;13;-155;F
Asus;6;x;5;12;-155;F
Asus;6;x;5;11;-155;F
Asus;6;x;5;10;-155;F
Asus;6;x;5;9;-155;F
Asus;6;x;5;8;-155;F
Asus;6;x;5;7;-155;F
Asus;6;x;5;6;-155;F
Asus;6;x;5;5;-155;F
Asus;6;x;5;4;-155;F
Asus;6;x;5;3;-155;F
Asus;6;x;5;2;-155;F
Asus;6;x;5;1;-155;F
Asus;6;x;5;0;-155;F
Asus;6;x;5;-1;-155;F
Asus;6;x;5;-2;-155;F
Asus;6;x;5;-3;-155;F
Asus;6;x;5;-4;-155;F
Asus;6;x;5;-5;-155;F
Asus;6;x;5;-6;-155;F
Asus;6;x;5;-7;-155;F
Asus;6;x;5;-8;-155;F
Asus;6;x;5;-9;-155;F
Asus;6;x;5;-10;-155;F
Asus;6;x;5;-11;-155;F
Asus;6;x;5;-12;-155;F
Asus;6;x;5;-13;-155;F
Asus;6;x;5;-14;-155;F
Asus;6;x;5;-15;-155;F
Asus;6;x;5;-16;-155;F
Asus;6;x;5;-17;-155;F
Asus;6;x;5;-18;-155;F
Asus;6;x;5;-19;-155;F
Asus;6;x;5;-20;-155;F
Asus;6;x;6;20;-155;F
Asus;6;x;6;19;-155;F
Asus;6;x;6;18;-155;F
Asus;6;x;6;17;-155;F
Asus;6;x;6;16;-155;F
Asus;6;x;6;15;-155;F
Asus;6;x;6;14;-155;F
Asus;6;x;6;13;-155;F
Asus;6;x;6;12;-155;F
Asus;6;x;6;11;-155;F
Asus;6;x;6;10;-155;F
Asus;6;x;6;9;-155;F
Asus;6;x;6;8;-155;F
Asus;6;x;6;7;-155;F
Asus;6;x;6;6;-155;F
Asus;6;x;6;5;-155;F
Asus;6;x;6;4;-155;F
Asus;6;x;6;3;-155;F
Asus;6;x;6;2;-155;F
Asus;6;x;6;1;-155;F
Asus;6;x;6;0;-155;F
Asus;6;x;6;-1;-155;F
Asus;6;x;6;-2;-155;F
Asus;6;x;6;-3;-155;F
Asus;6;x;6;-4;-155;F
Asus;6;x;6;-5;-155;F
Asus;6;x;6;-6;-155;F
Asus;6;x;6;-7;-155;F
Asus;6;x;6;-8;-155;F
Asus;6;x;6;-9;-155;F
Asus;6;x;6;-10;-155;F
Asus;6;x;6;-11;-155;F
Asus;6;x;6;-12;-155;F
Asus;6;x;6;-13;-155;F
Asus;6;x;6;-14;-155;F
Asus;6;x;6;-15;-155;F
Asus;6;x;6;-16;-155;F
Asus;6;x;6;-17;-155;F
Asus;6;x;6;-18;-155;F
Asus;6;x;6;-19;-155;F
Asus;6;x;6;-20;-155;F
Asus;6;x;7;20;-155;F
Asus;6;x;7;19;-155;F
Asus;6;x;7;18;-155;F
Asus;6;x;7;17;-155;F
Asus;6;x;7;16;-155;F
Asus;6;x;7;15;-155;F
Asus;6;x;7;14;-155;F
Asus;6;x;7;13;-155;F
Asus;6;x;7;12;-155;F
Asus;6;x;7;11;-155;F
Asus;6;x;7;10;-155;F
Asus;6;x;7;9;-155;F
Asus;6;x;7;8;-155;F
Asus;6;x;7;7;-155;F
Asus;6;x;7;6;-155;F
Asus;6;x;7;5;-155;F
Asus;6;x;7;4;-155;F
Asus;6;x;7;3;-155;F
Asus;6;x;7;2;-155;F
Asus;6;x;7;1;-155;F
Asus;6;x;7;0;-155;F
Asus;6;x;7;-1;-155;F
Asus;6;x;7;-2;-155;F
Asus;6;x;7;-3;-155;F
Asus;6;x;7;-4;-155;F
Asus;6;x;7;-5;-155;F
Asus;6;x;7;-6;-155;F
Asus;6;x;7;-7;-155;F
Asus;6;x;7;-8;-155;F
Asus;6;x;7;-9;-155;F
Asus;6;x;7;-10;-155;F
Asus;6;x;7;-11;-155;F
Asus;6;x;7;-12;-155;F
Asus;6;x;7;-13;-155;F
Asus;6;x;7;-14;-155;F
Asus;6;x;7;-15;-155;F
Asus;6;x;7;-16;-155;F
Asus;6;x;7;-17;-155;F
Asus;6;x;7;-18;-155;F
Asus;6;x;7;-19;-155;F
Asus;6;x;7;-20;-155;F
Asus;6;x;8;20;-155;F
Asus;6;x;8;19;-155;F
Asus;6;x;8;18;-155;F
Asus;6;x;8;17;-155;F
Asus;6;x;8;16;-155;F
Asus;6;x;8;15;-155;F
Asus;6;x;8;14;-155;F
Asus;6;x;8;13;-155;F
Asus;6;x;8;12;-155;F
Asus;6;x;8;11;-155;F
Asus;6;x;8;10;-155;F
Asus;6;x;8;9;-155;F
Asus;6;x;8;8;-155;F
Asus;6;x;8;7;-155;F
Asus;6;x;8;6;-155;F
Asus;6;x;8;5;-155;F
Asus;6;x;8;4;-155;F
Asus;6;x;8;3;-155;F
Asus;6;x;8;2;-155;F
Asus;6;x;8;1;-155;F
Asus;6;x;8;0;-155;F
Asus;6;x;8;-1;-155;F
Asus;6;x;8;-2;-155;F
Asus;6;x;8;-3;-155;F
Asus;6;x;8;-4;-155;F
Asus;6;x;8;-5;-155;F
Asus;6;x;8;-6;-155;F
Asus;6;x;8;-7;-155;F
Asus;6;x;8;-8;-155;F
Asus;6;x;8;-9;-155;F
Asus;6;x;8;-10;-155;F
Asus;6;x;8;-11;-155;F
Asus;6;x;8;-12;-155;F
Asus;6;x;8;-13;-155;F
Asus;6;x;8;-14;-155;F
Asus;6;x;8;-15;-155;F
Asus;6;x;8;-16;-155;F
Asus;6;x;8;-17;-155;F
Asus;6;x;8;-18;-155;F
Asus;6;x;8;-19;-155;F
Asus;6;x;8;-20;-155;F
Asus;6;x;9;20;-155;F
Asus;6;x;9;19;-155;F
Asus;6;x;9;18;-155;F
Asus;6;x;9;17;-155;F
Asus;6;x;9;16;-155;F
Asus;6;x;9;15;-155;F
Asus;6;x;9;14;-155;F
Asus;6;x;9;13;-155;F
Asus;6;x;9;12;-155;F
Asus;6;x;9;11;-155;F
Asus;6;x;9;10;-155;F
Asus;6;x;9;9;-155;F
Asus;6;x;9;8;-155;F
Asus;6;x;9;7;-155;F
Asus;6;x;9;6;-155;F
Asus;6;x;9;5;-155;F
Asus;6;x;9;4;-155;F
Asus;6;x;9;3;-155;F
Asus;6;x;9;2;-155;F
Asus;6;x;9;1;-155;F
Asus;6;x;9;0;-155;F
Asus;6;x;9;-1;-155;F
Asus;6;x;9;-2;-155;F
Asus;6;x;9;-3;-155;F
Asus;6;x;9;-4;-155;F
Asus;6;x;9;-5;-155;F
Asus;6;x;9;-6;-155;F
Asus;6;x;9;-7;-155;F
Asus;6;x;9;-8;-155;F
Asus;6;x;9;-9;-155;F
Asus;6;x;9;-10;-155;F
Asus;6;x;9;-11;-155;F
Asus;6;x;9;-12;-155;F
Asus;6;x;9;-13;-155;F
Asus;6;x;9;-14;-155;F
Asus;6;x;9;-15;-155;F
Asus;6;x;9;-16;-155;F
Asus;6;x;9;-17;-155;F
Asus;6;x;9;-18;-155;F
Asus;6;x;9;-19;-155;F
Asus;6;x;9;-20;-155;F
Asus;6;x;10;20;-155;F
Asus;6;x;10;19;-155;F
Asus;6;x;10;18;-155;F
Asus;6;x;10;17;-155;F
Asus;6;x;10;16;-155;F
Asus;6;x;10;15;-155;F
Asus;6;x;10;14;-155;F
Asus;6;x;10;13;-155;F
Asus;6;x;10;12;-155;F
Asus;6;x;10;11;-155;F
Asus;6;x;10;10;-155;F
Asus;6;x;10;9;-155;F
Asus;6;x;10;8;-155;F
Asus;6;x;10;7;-155;F
Asus;6;x;10;6;-155;F
Asus;6;x;10;5;-155;F
Asus;6;x;10;4;-155;F
Asus;6;x;10;3;-155;F
Asus;6;x;10;2;-155;F
Asus;6;x;10;1;-155;F
Asus;6;x;10;0;-155;F
Asus;6;x;10;-1;-155;F
Asus;6;x;10;-2;-155;F
Asus;6;x;10;-3;-155;F
Asus;6;x;10;-4;-155;F
Asus;6;x;10;-5;-155;F
Asus;6;x;10;-6;-155;F
Asus;6;x;10;-7;-155;F
Asus;6;x;10;-8;-155;F
Asus;6;x;10;-9;-155;F
Asus;6;x;10;-10;-155;F
Asus;6;x;10;-11;-155;F
Asus;6;x;10;-12;-155;F
Asus;6;x;10;-13;-155;F
Asus;6;x;10;-14;-155;F
Asus;6;x;10;-15;-155;F
Asus;6;x;10;-16;-155;F
Asus;6;x;10;-17;-155;F
Asus;6;x;10;-18;-155;F
Asus;6;x;10;-19;-155;F
Asus;6;x;10;-20;-155;F
Asus;6;x;11;20;-155;F
Asus;6;x;11;19;-155;F
Asus;6;x;11;18;-155;F
Asus;6;x;11;17;-155;F
Asus;6;x;11;16;-155;F
Asus;6;x;11;15;-155;F
Asus;6;x;11;14;-155;F
Asus;6;x;11;13;-155;S
Asus;6;x;11;12;-155;S
Asus;6;x;11;11;-155;F
Asus;6;x;11;10;-155;S
Asus;6;x;11;9;-155;S
Asus;6;x;11;8;-155;F
Asus;6;x;11;7;-155;F
Asus;6;x;11;6;-155;F
Asus;6;x;11;5;-155;F
Asus;6;x;11;4;-155;F
Asus;6;x;11;3;-155;F
Asus;6;x;11;2;-155;F
Asus;6;x;11;1;-155;F
Asus;6;x;11;0;-155;F
Asus;6;x;11;-1;-155;F
Asus;6;x;11;-2;-155;F
Asus;6;x;11;-3;-155;F
Asus;6;x;11;-4;-155;F
Asus;6;x;11;-5;-155;F
Asus;6;x;11;-6;-155;F
Asus;6;x;11;-7;-155;F
Asus;6;x;11;-8;-155;F
Asus;6;x;11;-9;-155;F
Asus;6;x;11;-10;-155;F
Asus;6;x;11;-11;-155;F
Asus;6;x;11;-12;-155;F
Asus;6;x;11;-13;-155;F
Asus;6;x;11;-14;-155;F
Asus;6;x;11;-15;-155;F
Asus;6;x;11;-16;-155;F
Asus;6;x;11;-17;-155;F
Asus;6;x;11;-18;-155;F
Asus;6;x;11;-19;-155;F
Asus;6;x;11;-20;-155;F
Asus;6;x;12;20;-155;S
Asus;6;x;12;19;-155;S
Asus;6;x;12;18;-155;S
Asus;6;x;12;17;-155;S
Asus;6;x;12;16;-155;S
Asus;6;x;12;15;-155;S
Asus;6;x;12;14;-155;S
Asus;6;x;12;13;-155;S
Asus;6;x;12;12;-155;S
Asus;6;x;12;11;-155;S
Asus;6;x;12;10;-155;S
Asus;6;x;12;9;-155;S
Asus;6;x;12;8;-155;F
Asus;6;x;12;7;-155;F
Asus;6;x;12;6;-155;F
Asus;6;x;12;5;-155;F
Asus;6;x;12;4;-155;F
Asus;6;x;12;3;-155;F
Asus;6;x;12;2;-155;F
Asus;6;x;12;1;-155;F
Asus;6;x;12;0;-155;F
Asus;6;x;12;-1;-155;F
Asus;6;x;12;-2;-155;F
Asus;6;x;12;-3;-155;F
Asus;6;x;12;-4;-155;F
Asus;6;x;12;-5;-155;F
Asus;6;x;12;-6;-155;F
Asus;6;x;12;-7;-155;F
Asus;6;x;12;-8;-155;F
Asus;6;x;12;-9;-155;F
Asus;6;x;12;-10;-155;F
Asus;6;x;12;-11;-155;F
Asus;6;x;12;-12;-155;F
Asus;6;x;12;-13;-155;F
Asus;6;x;12;-14;-155;F
Asus;6;x;12;-15;-155;F
Asus;6;x;12;-16;-155;F
Asus;6;x;12;-17;-155;F
Asus;6;x;12;-18;-155;F
Asus;6;x;12;-19;-155;F
Asus;6;x;12;-20;-155;F
Asus;6;x;13;20;-155;S
Asus;6;x;13;19;-155;S
Asus;6;x;13;18;-155;S
Asus;6;x;13;17;-155;S
Asus;6;x;13;16;-155;S
Asus;6;x;13;15;-155;S
Asus;6;x;13;14;-155;S
Asus;6;x;13;13;-155;S
Asus;6;x;13;12;-155;S
Asus;6;x;13;11;-155;S
Asus;6;x;13;10;-155;S
Asus;6;x;13;9;-155;S
Asus;6;x;13;8;-155;F
Asus;6;x;13;7;-155;F
Asus;6;x;13;6;-155;F
Asus;6;x;13;5;-155;F
Asus;6;x;13;4;-155;F
Asus;6;x;13;3;-155;F
Asus;6;x;13;2;-155;F
Asus;6;x;13;1;-155;F
Asus;6;x;13;0;-155;F
Asus;6;x;13;-1;-155;F
Asus;6;x;13;-2;-155;F
Asus;6;x;13;-3;-155;F
Asus;6;x;13;-4;-155;F
Asus;6;x;13;-5;-155;F
Asus;6;x;13;-6;-155;F
Asus;6;x;13;-7;-155;F
Asus;6;x;13;-8;-155;F
Asus;6;x;13;-9;-155;F
Asus;6;x;13;-10;-155;F
Asus;6;x;13;-11;-155;F
Asus;6;x;13;-12;-155;F
Asus;6;x;13;-13;-155;F
Asus;6;x;13;-14;-155;F
Asus;6;x;13;-15;-155;F
Asus;6;x;13;-16;-155;F
Asus;6;x;13;-17;-155;F
Asus;6;x;13;-18;-155;F
Asus;6;x;13;-19;-155;F
Asus;6;x;13;-20;-155;F
Asus;6;x;14;20;-155;S
Asus;6;x;14;19;-155;S
Asus;6;x;14;18;-155;S
Asus;6;x;14;17;-155;S
Asus;6;x;14;16;-155;S
Asus;6;x;14;15;-155;S
Asus;6;x;14;14;-155;S
Asus;6;x;14;13;-155;S
Asus;6;x;14;12;-155;S
Asus;6;x;14;11;-155;S
Asus;6;x;14;10;-155;S
Asus;6;x;14;9;-155;S
Asus;6;x;14;8;-155;F
Asus;6;x;14;7;-155;F
Asus;6;x;14;6;-155;F
Asus;6;x;14;5;-155;F
Asus;6;x;14;4;-155;F
Asus;6;x;14;3;-155;F
Asus;6;x;14;2;-155;F
Asus;6;x;14;1;-155;F
Asus;6;x;14;0;-155;F
Asus;6;x;14;-1;-155;F
Asus;6;x;14;-2;-155;F
Asus;6;x;14;-3;-155;F
Asus;6;x;14;-4;-155;F
Asus;6;x;14;-5;-155;F
Asus;6;x;14;-6;-155;F
Asus;6;x;14;-7;-155;F
Asus;6;x;14;-8;-155;F
Asus;6;x;14;-9;-155;F
Asus;6;x;14;-10;-155;F
Asus;6;x;14;-11;-155;F
Asus;6;x;14;-12;-155;F
Asus;6;x;14;-13;-155;F
Asus;6;x;14;-14;-155;F
Asus;6;x;14;-15;-155;F
Asus;6;x;14;-16;-155;F
Asus;6;x;14;-17;-155;F
Asus;6;x;14;-18;-155;F
Asus;6;x;14;-19;-155;F
Asus;6;x;14;-20;-155;F
Asus;6;x;15;20;-155;S
Asus;6;x;15;19;-155;S
Asus;6;x;15;18;-155;S
Asus;6;x;15;17;-155;S
Asus;6;x;15;16;-155;S
Asus;6;x;15;15;-155;S
Asus;6;x;15;14;-155;S
Asus;6;x;15;13;-155;S
Asus;6;x;15;12;-155;S
Asus;6;x;15;11;-155;S
Asus;6;x;15;10;-155;S
Asus;6;x;15;9;-155;S
Asus;6;x;15;8;-155;F
Asus;6;x;15;7;-155;F
Asus;6;x;15;6;-155;F
Asus;6;x;15;5;-155;F
Asus;6;x;15;4;-155;F
Asus;6;x;15;3;-155;F
Asus;6;x;15;2;-155;F
Asus;6;x;15;1;-155;F
Asus;6;x;15;0;-155;F
Asus;6;x;15;-1;-155;F
Asus;6;x;15;-2;-155;F
Asus;6;x;15;-3;-155;F
Asus;6;x;15;-4;-155;F
Asus;6;x;15;-5;-155;F
Asus;6;x;15;-6;-155;F
Asus;6;x;15;-7;-155;F
Asus;6;x;15;-8;-155;F
Asus;6;x;15;-9;-155;F
Asus;6;x;15;-10;-155;F
Asus;6;x;15;-11;-155;F
Asus;6;x;15;-12;-155;F
Asus;6;x;15;-13;-155;F
Asus;6;x;15;-14;-155;F
Asus;6;x;15;-15;-155;F
Asus;6;x;15;-16;-155;F
Asus;6;x;15;-17;-155;F
Asus;6;x;15;-18;-155;F
Asus;6;x;15;-19;-155;F
Asus;6;x;15;-20;-155;F
Asus;6;x;16;20;-155;S
Asus;6;x;16;19;-155;S
Asus;6;x;16;18;-155;S
Asus;6;x;16;17;-155;S
Asus;6;x;16;16;-155;S
Asus;6;x;16;15;-155;S
Asus;6;x;16;14;-155;S
Asus;6;x;16;13;-155;S
Asus;6;x;16;12;-155;S
Asus;6;x;16;11;-155;S
Asus;6;x;16;10;-155;S
Asus;6;x;16;9;-155;S
Asus;6;x;16;8;-155;F
Asus;6;x;16;7;-155;F
Asus;6;x;16;6;-155;F
Asus;6;x;16;5;-155;F
Asus;6;x;16;4;-155;F
Asus;6;x;16;3;-155;F
Asus;6;x;16;2;-155;F
Asus;6;x;16;1;-155;F
Asus;6;x;16;0;-155;F
Asus;6;x;16;-1;-155;F
Asus;6;x;16;-2;-155;F
Asus;6;x;16;-3;-155;F
Asus;6;x;16;-4;-155;F
Asus;6;x;16;-5;-155;F
Asus;6;x;16;-6;-155;F
Asus;6;x;16;-7;-155;F
Asus;6;x;16;-8;-155;F
Asus;6;x;16;-9;-155;F
Asus;6;x;16;-10;-155;F
Asus;6;x;16;-11;-155;F
Asus;6;x;16;-12;-155;F
Asus;6;x;16;-13;-155;F
Asus;6;x;16;-14;-155;F
Asus;6;x;16;-15;-155;F
Asus;6;x;16;-16;-155;F
Asus;6;x;16;-17;-155;F
Asus;6;x;16;-18;-155;F
Asus;6;x;16;-19;-155;F
Asus;6;x;16;-20;-155;F
Asus;6;x;17;20;-155;S
Asus;6;x;17;19;-155;S
Asus;6;x;17;18;-155;S
Asus;6;x;17;17;-155;S
Asus;6;x;17;16;-155;S
Asus;6;x;17;15;-155;S
Asus;6;x;17;14;-155;S
Asus;6;x;17;13;-155;S
Asus;6;x;17;12;-155;S
Asus;6;x;17;11;-155;S
Asus;6;x;17;10;-155;S
Asus;6;x;17;9;-155;S
Asus;6;x;17;8;-155;F
Asus;6;x;17;7;-155;F
Asus;6;x;17;6;-155;F
Asus;6;x;17;5;-155;F
Asus;6;x;17;4;-155;F
Asus;6;x;17;3;-155;F
Asus;6;x;17;2;-155;F
Asus;6;x;17;1;-155;F
Asus;6;x;17;0;-155;F
Asus;6;x;17;-1;-155;F
Asus;6;x;17;-2;-155;F
Asus;6;x;17;-3;-155;F
Asus;6;x;17;-4;-155;F
Asus;6;x;17;-5;-155;F
Asus;6;x;17;-6;-155;F
Asus;6;x;17;-7;-155;F
Asus;6;x;17;-8;-155;F
Asus;6;x;17;-9;-155;F
Asus;6;x;17;-10;-155;F
Asus;6;x;17;-11;-155;F
Asus;6;x;17;-12;-155;F
Asus;6;x;17;-13;-155;F
Asus;6;x;17;-14;-155;F
Asus;6;x;17;-15;-155;F
Asus;6;x;17;-16;-155;F
Asus;6;x;17;-17;-155;F
Asus;6;x;17;-18;-155;F
Asus;6;x;17;-19;-155;F
Asus;6;x;17;-20;-155;F
Asus;6;x;18;20;-155;S
Asus;6;x;18;19;-155;S
Asus;6;x;18;18;-155;S
Asus;6;x;18;17;-155;S
Asus;6;x;18;16;-155;S
Asus;6;x;18;15;-155;S
Asus;6;x;18;14;-155;S
Asus;6;x;18;13;-155;S
Asus;6;x;18;12;-155;S
Asus;6;x;18;11;-155;S
Asus;6;x;18;10;-155;S
Asus;6;x;18;9;-155;S
Asus;6;x;18;8;-155;F
Asus;6;x;18;7;-155;F
Asus;6;x;18;6;-155;F
Asus;6;x;18;5;-155;F
Asus;6;x;18;4;-155;F
Asus;6;x;18;3;-155;F
Asus;6;x;18;2;-155;F
Asus;6;x;18;1;-155;F
Asus;6;x;18;0;-155;F
Asus;6;x;18;-1;-155;F
Asus;6;x;18;-2;-155;F
Asus;6;x;18;-3;-155;F
Asus;6;x;18;-4;-155;F
Asus;6;x;18;-5;-155;F
Asus;6;x;18;-6;-155;F
Asus;6;x;18;-7;-155;F
Asus;6;x;18;-8;-155;F
Asus;6;x;18;-9;-155;F
Asus;6;x;18;-10;-155;F
Asus;6;x;18;-11;-155;F
Asus;6;x;18;-12;-155;F
Asus;6;x;18;-13;-155;F
Asus;6;x;18;-14;-155;F
Asus;6;x;18;-15;-155;F
Asus;6;x;18;-16;-155;F
Asus;6;x;18;-17;-155;F
Asus;6;x;18;-18;-155;F
Asus;6;x;18;-19;-155;F
Asus;6;x;18;-20;-155;F
Asus;6;x;19;20;-155;S
Asus;6;x;19;19;-155;S
Asus;6;x;19;18;-155;S
Asus;6;x;19;17;-155;S
Asus;6;x;19;16;-155;S
Asus;6;x;19;15;-155;S
Asus;6;x;19;14;-155;S
Asus;6;x;19;13;-155;S
Asus;6;x;19;12;-155;S
Asus;6;x;19;11;-155;S
Asus;6;x;19;10;-155;S
Asus;6;x;19;9;-155;S
Asus;6;x;19;8;-155;F
Asus;6;x;19;7;-155;F
Asus;6;x;19;6;-155;F
Asus;6;x;19;5;-155;F
Asus;6;x;19;4;-155;F
Asus;6;x;19;3;-155;F
Asus;6;x;19;2;-155;F
Asus;6;x;19;1;-155;F
Asus;6;x;19;0;-155;F
Asus;6;x;19;-1;-155;F
Asus;6;x;19;-2;-155;F
Asus;6;x;19;-3;-155;F
Asus;6;x;19;-4;-155;F
Asus;6;x;19;-5;-155;F
Asus;6;x;19;-6;-155;F
Asus;6;x;19;-7;-155;F
Asus;6;x;19;-8;-155;F
Asus;6;x;19;-9;-155;F
Asus;6;x;19;-10;-155;F
Asus;6;x;19;-11;-155;F
Asus;6;x;19;-12;-155;F
Asus;6;x;19;-13;-155;F
Asus;6;x;19;-14;-155;F
Asus;6;x;19;-15;-155;F
Asus;6;x;19;-16;-155;F
Asus;6;x;19;-17;-155;F
Asus;6;x;19;-18;-155;F
Asus;6;x;19;-19;-155;F
Asus;6;x;19;-20;-155;F
Asus;6;x;20;20;-155;S
Asus;6;x;20;19;-155;S
Asus;6;x;20;18;-155;S
Asus;6;x;20;17;-155;S
Asus;6;x;20;16;-155;S
Asus;6;x;20;15;-155;S
Asus;6;x;20;14;-155;S
Asus;6;x;20;13;-155;S
Asus;6;x;20;12;-155;S
Asus;6;x;20;11;-155;S
Asus;6;x;20;10;-155;S
Asus;6;x;20;9;-155;S
Asus;6;x;20;8;-155;F
Asus;6;x;20;7;-155;F
Asus;6;x;20;6;-155;F
Asus;6;x;20;5;-155;F
Asus;6;x;20;4;-155;F
Asus;6;x;20;3;-155;F
Asus;6;x;20;2;-155;F
Asus;6;x;20;1;-155;F
Asus;6;x;20;0;-155;F
Asus;6;x;20;-1;-155;F
Asus;6;x;20;-2;-155;F
Asus;6;x;20;-3;-155;F
Asus;6;x;20;-4;-155;F
Asus;6;x;20;-5;-155;F
Asus;6;x;20;-6;-155;F
Asus;6;x;20;-7;-155;F
Asus;6;x;20;-8;-155;F
Asus;6;x;20;-9;-155;F
Asus;6;x;20;-10;-155;F
Asus;6;x;20;-11;-155;F
Asus;6;x;20;-12;-155;F
Asus;6;x;20;-13;-155;F
Asus;6;x;20;-14;-155;F
Asus;6;x;20;-15;-155;F
Asus;6;x;20;-16;-155;F
Asus;6;x;20;-17;-155;F
Asus;6;x;20;-18;-155;F
Asus;6;x;20;-19;-155;F
Asus;6;x;20;-20;-155;F
Asus;6;x;21;20;-155;S
Asus;6;x;21;19;-155;S
Asus;6;x;21;18;-155;S
Asus;6;x;21;17;-155;S
Asus;6;x;21;16;-155;S
Asus;6;x;21;15;-155;S
Asus;6;x;21;14;-155;S
Asus;6;x;21;13;-155;S
Asus;6;x;21;12;-155;S
Asus;6;x;21;11;-155;S
Asus;6;x;21;10;-155;S
Asus;6;x;21;9;-155;S
Asus;6;x;21;8;-155;F
Asus;6;x;21;7;-155;F
Asus;6;x;21;6;-155;F
Asus;6;x;21;5;-155;F
Asus;6;x;21;4;-155;F
Asus;6;x;21;3;-155;F
Asus;6;x;21;2;-155;F
Asus;6;x;21;1;-155;F
Asus;6;x;21;0;-155;F
Asus;6;x;21;-1;-155;F
Asus;6;x;21;-2;-155;F
Asus;6;x;21;-3;-155;F
Asus;6;x;21;-4;-155;F
Asus;6;x;21;-5;-155;F
Asus;6;x;21;-6;-155;F
Asus;6;x;21;-7;-155;F
Asus;6;x;21;-8;-155;F
Asus;6;x;21;-9;-155;F
Asus;6;x;21;-10;-155;F
Asus;6;x;21;-11;-155;F
Asus;6;x;21;-12;-155;F
Asus;6;x;21;-13;-155;F
Asus;6;x;21;-14;-155;F
Asus;6;x;21;-15;-155;F
Asus;6;x;21;-16;-155;F
Asus;6;x;21;-17;-155;F
Asus;6;x;21;-18;-155;F
Asus;6;x;21;-19;-155;F
Asus;6;x;21;-20;-155;F
Asus;6;x;22;20;-155;S
Asus;6;x;22;19;-155;S
Asus;6;x;22;18;-155;S
Asus;6;x;22;17;-155;S
Asus;6;x;22;16;-155;S
Asus;6;x;22;15;-155;S
Asus;6;x;22;14;-155;S
Asus;6;x;22;13;-155;S
Asus;6;x;22;12;-155;S
Asus;6;x;22;11;-155;S
Asus;6;x;22;10;-155;S
Asus;6;x;22;9;-155;S
Asus;6;x;22;8;-155;F
Asus;6;x;22;7;-155;F
Asus;6;x;22;6;-155;F
Asus;6;x;22;5;-155;F
Asus;6;x;22;4;-155;F
Asus;6;x;22;3;-155;F
Asus;6;x;22;2;-155;F
Asus;6;x;22;1;-155;F
Asus;6;x;22;0;-155;F
Asus;6;x;22;-1;-155;F
Asus;6;x;22;-2;-155;F
Asus;6;x;22;-3;-155;F
Asus;6;x;22;-4;-155;F
Asus;6;x;22;-5;-155;F
Asus;6;x;22;-6;-155;F
Asus;6;x;22;-7;-155;F
Asus;6;x;22;-8;-155;F
Asus;6;x;22;-9;-155;F
Asus;6;x;22;-10;-155;F
Asus;6;x;22;-11;-155;F
Asus;6;x;22;-12;-155;F
Asus;6;x;22;-13;-155;F
Asus;6;x;22;-14;-155;F
Asus;6;x;22;-15;-155;F
Asus;6;x;22;-16;-155;F
Asus;6;x;22;-17;-155;F
Asus;6;x;22;-18;-155;F
Asus;6;x;22;-19;-155;F
Asus;6;x;22;-20;-155;F
Asus;6;x;23;20;-155;S
Asus;6;x;23;19;-155;S
Asus;6;x;23;18;-155;S
Asus;6;x;23;17;-155;S
Asus;6;x;23;16;-155;S
Asus;6;x;23;15;-155;S
Asus;6;x;23;14;-155;S
Asus;6;x;23;13;-155;S
Asus;6;x;23;12;-155;S
Asus;6;x;23;11;-155;S
Asus;6;x;23;10;-155;S
Asus;6;x;23;9;-155;S
Asus;6;x;23;8;-155;F
Asus;6;x;23;7;-155;F
Asus;6;x;23;6;-155;F
Asus;6;x;23;5;-155;F
Asus;6;x;23;4;-155;F
Asus;6;x;23;3;-155;F
Asus;6;x;23;2;-155;F
Asus;6;x;23;1;-155;F
Asus;6;x;23;0;-155;F
Asus;6;x;23;-1;-155;F
Asus;6;x;23;-2;-155;F
Asus;6;x;23;-3;-155;F
Asus;6;x;23;-4;-155;F
Asus;6;x;23;-5;-155;F
Asus;6;x;23;-6;-155;F
Asus;6;x;23;-7;-155;F
Asus;6;x;23;-8;-155;F
Asus;6;x;23;-9;-155;F
Asus;6;x;23;-10;-155;F
Asus;6;x;23;-11;-155;F
Asus;6;x;23;-12;-155;F
Asus;6;x;23;-13;-155;F
Asus;6;x;23;-14;-155;F
Asus;6;x;23;-15;-155;F
Asus;6;x;23;-16;-155;F
Asus;6;x;23;-17;-155;F
Asus;6;x;23;-18;-155;F
Asus;6;x;23;-19;-155;F
Asus;6;x;23;-20;-155;F
Asus;6;x;24;20;-155;S
Asus;6;x;24;19;-155;S
Asus;6;x;24;18;-155;S
Asus;6;x;24;17;-155;S
Asus;6;x;24;16;-155;S
Asus;6;x;24;15;-155;S
Asus;6;x;24;14;-155;S
Asus;6;x;24;13;-155;S
Asus;6;x;24;12;-155;S
Asus;6;x;24;11;-155;S
Asus;6;x;24;10;-155;S
Asus;6;x;24;9;-155;S
Asus;6;x;24;8;-155;F
Asus;6;x;24;7;-155;F
Asus;6;x;24;6;-155;F
Asus;6;x;24;5;-155;F
Asus;6;x;24;4;-155;F
Asus;6;x;24;3;-155;F
Asus;6;x;24;2;-155;F
Asus;6;x;24;1;-155;F
Asus;6;x;24;0;-155;F
Asus;6;x;24;-1;-155;F
Asus;6;x;24;-2;-155;F
Asus;6;x;24;-3;-155;F
Asus;6;x;24;-4;-155;F
Asus;6;x;24;-5;-155;F
Asus;6;x;24;-6;-155;F
Asus;6;x;24;-7;-155;F
Asus;6;x;24;-8;-155;F
Asus;6;x;24;-9;-155;F
Asus;6;x;24;-10;-155;F
Asus;6;x;24;-11;-155;F
Asus;6;x;24;-12;-155;F
Asus;6;x;24;-13;-155;F
Asus;6;x;24;-14;-155;F
Asus;6;x;24;-15;-155;F
Asus;6;x;24;-16;-155;F
Asus;6;x;24;-17;-155;F
Asus;6;x;24;-18;-155;F
Asus;6;x;24;-19;-155;F
Asus;6;x;24;-20;-155;F
Asus;6;x;25;20;-155;S
Asus;6;x;25;19;-155;S
Asus;6;x;25;18;-155;S
Asus;6;x;25;17;-155;S
Asus;6;x;25;16;-155;S
Asus;6;x;25;15;-155;S
Asus;6;x;25;14;-155;S
Asus;6;x;25;13;-155;S
Asus;6;x;25;12;-155;S
Asus;6;x;25;11;-155;S
Asus;6;x;25;10;-155;S
Asus;6;x;25;9;-155;S
Asus;6;x;25;8;-155;F
Asus;6;x;25;7;-155;F
Asus;6;x;25;6;-155;F
Asus;6;x;25;5;-155;F
Asus;6;x;25;4;-155;F
Asus;6;x;25;3;-155;F
Asus;6;x;25;2;-155;F
Asus;6;x;25;1;-155;F
Asus;6;x;25;0;-155;F
Asus;6;x;25;-1;-155;F
Asus;6;x;25;-2;-155;F
Asus;6;x;25;-3;-155;F
Asus;6;x;25;-4;-155;F
Asus;6;x;25;-5;-155;F
Asus;6;x;25;-6;-155;F
Asus;6;x;25;-7;-155;F
Asus;6;x;25;-8;-155;F
Asus;6;x;25;-9;-155;F
Asus;6;x;25;-10;-155;F
Asus;6;x;25;-11;-155;F
Asus;6;x;25;-12;-155;F
Asus;6;x;25;-13;-155;F
Asus;6;x;25;-14;-155;F
Asus;6;x;25;-15;-155;F
Asus;6;x;25;-16;-155;F
Asus;6;x;25;-17;-155;F
Asus;6;x;25;-18;-155;F
Asus;6;x;25;-19;-155;F
Asus;6;x;25;-20;-155;F
